,Country,Code,Year,pm_2.5_per_cubic_metre
0,Afghanistan,AFG,2010,52.49585
1,Afghanistan,AFG,2011,57.09972
2,Afghanistan,AFG,2012,55.46611
3,Afghanistan,AFG,2013,59.62277
4,Afghanistan,AFG,2014,62.72192
5,Afghanistan,AFG,2015,61.41157
6,Afghanistan,AFG,2016,57.96634
7,Afghanistan,AFG,2017,54.03117
8,Afghanistan,AFG,2018,53.43221
9,Afghanistan,AFG,2019,52.99812
10,Albania,ALB,2010,21.55726
11,Albania,ALB,2011,23.31385
12,Albania,ALB,2012,21.45644
13,Albania,ALB,2013,19.93915
14,Albania,ALB,2014,19.81741
15,Albania,ALB,2015,19.42523
16,Albania,ALB,2016,17.69079
17,Albania,ALB,2017,18.8694
18,Albania,ALB,2018,18.65998
19,Albania,ALB,2019,18.45981
20,Algeria,DZA,2010,32.13971
21,Algeria,DZA,2011,31.68926
22,Algeria,DZA,2012,32.69955
23,Algeria,DZA,2013,30.5132
24,Algeria,DZA,2014,32.00987
25,Algeria,DZA,2015,33.601
26,Algeria,DZA,2016,32.90051
27,Algeria,DZA,2017,32.66508
28,Algeria,DZA,2018,32.76134
29,Algeria,DZA,2019,32.91557
30,American Samoa,ASM,2010,5.84434
31,American Samoa,ASM,2011,5.51551
32,American Samoa,ASM,2012,5.60376
33,American Samoa,ASM,2013,5.59666
34,American Samoa,ASM,2014,5.99963
35,American Samoa,ASM,2015,6.05167
36,American Samoa,ASM,2016,6.56795
37,American Samoa,ASM,2017,6.36302
38,American Samoa,ASM,2018,6.39934
39,American Samoa,ASM,2019,6.35038
40,Andorra,AND,2010,11.74087
41,Andorra,AND,2011,12.86582
42,Andorra,AND,2012,11.72693
43,Andorra,AND,2013,10.68939
44,Andorra,AND,2014,10.02761
45,Andorra,AND,2015,10.84852
46,Andorra,AND,2016,9.37937
47,Andorra,AND,2017,9.57266
48,Andorra,AND,2018,9.63061
49,Andorra,AND,2019,9.51265
50,Angola,AGO,2010,28.96085
51,Angola,AGO,2011,29.05401
52,Angola,AGO,2012,29.2792
53,Angola,AGO,2013,29.51322
54,Angola,AGO,2014,28.47544
55,Angola,AGO,2015,29.27571
56,Angola,AGO,2016,29.2647
57,Angola,AGO,2017,28.05196
58,Angola,AGO,2018,28.31671
59,Angola,AGO,2019,28.02152
60,Anguilla,AIA,2010,8.06785
61,Anguilla,AIA,2011,7.2417
62,Anguilla,AIA,2012,7.98419
63,Anguilla,AIA,2013,7.69653
64,Anguilla,AIA,2014,7.55865
65,Anguilla,AIA,2015,8.45648
66,Anguilla,AIA,2016,8.70342
67,Anguilla,AIA,2017,8.55658
68,Anguilla,AIA,2018,8.71817
69,Anguilla,AIA,2019,8.72825
70,Antigua and Barbuda,ATG,2010,16.93897
71,Antigua and Barbuda,ATG,2011,16.11701
72,Antigua and Barbuda,ATG,2012,16.83281
73,Antigua and Barbuda,ATG,2013,16.98958
74,Antigua and Barbuda,ATG,2014,16.50621
75,Antigua and Barbuda,ATG,2015,18.16537
76,Antigua and Barbuda,ATG,2016,17.71044
77,Antigua and Barbuda,ATG,2017,17.22249
78,Antigua and Barbuda,ATG,2018,17.59495
79,Antigua and Barbuda,ATG,2019,17.62028
80,Argentina,ARG,2010,14.05373
81,Argentina,ARG,2011,14.52667
82,Argentina,ARG,2012,13.68543
83,Argentina,ARG,2013,15.06927
84,Argentina,ARG,2014,14.1147
85,Argentina,ARG,2015,14.93674
86,Argentina,ARG,2016,14.45197
87,Argentina,ARG,2017,13.95186
88,Argentina,ARG,2018,13.97303
89,Argentina,ARG,2019,13.84671
90,Armenia,ARM,2010,36.20056
91,Armenia,ARM,2011,40.79481
92,Armenia,ARM,2012,41.39294
93,Armenia,ARM,2013,39.19509
94,Armenia,ARM,2014,38.75478
95,Armenia,ARM,2015,38.11764
96,Armenia,ARM,2016,34.87167
97,Armenia,ARM,2017,35.55658
98,Armenia,ARM,2018,34.63884
99,Armenia,ARM,2019,34.24106
100,Aruba,ABW,2010,7.57093
101,Aruba,ABW,2011,7.27976
102,Aruba,ABW,2012,7.68113
103,Aruba,ABW,2013,7.4699
104,Aruba,ABW,2014,7.73248
105,Aruba,ABW,2015,8.20617
106,Aruba,ABW,2016,8.64984
107,Aruba,ABW,2017,8.3258
108,Aruba,ABW,2018,8.54026
109,Aruba,ABW,2019,8.5267
110,Australia,AUS,2010,6.78718
111,Australia,AUS,2011,6.71166
112,Australia,AUS,2012,7.00126
113,Australia,AUS,2013,6.96483
114,Australia,AUS,2014,6.87749
115,Australia,AUS,2015,6.84756
116,Australia,AUS,2016,6.82232
117,Australia,AUS,2017,6.67271
118,Australia,AUS,2018,6.7411
119,Australia,AUS,2019,6.7487
120,Austria,AUT,2010,15.87206
121,Austria,AUT,2011,16.2518
122,Austria,AUT,2012,14.62976
123,Austria,AUT,2013,14.62208
124,Austria,AUT,2014,12.9131
125,Austria,AUT,2015,13.45269
126,Austria,AUT,2016,12.39107
127,Austria,AUT,2017,12.02271
128,Austria,AUT,2018,12.3846
129,Austria,AUT,2019,12.22494
130,Azerbaijan,AZE,2010,25.84174
131,Azerbaijan,AZE,2011,27.72685
132,Azerbaijan,AZE,2012,29.59322
133,Azerbaijan,AZE,2013,29.04756
134,Azerbaijan,AZE,2014,28.2887
135,Azerbaijan,AZE,2015,26.8159
136,Azerbaijan,AZE,2016,25.05773
137,Azerbaijan,AZE,2017,25.80297
138,Azerbaijan,AZE,2018,25.88438
139,Azerbaijan,AZE,2019,26.26906
140,Bahamas,BHS,2010,15.1443
141,Bahamas,BHS,2011,15.3163
142,Bahamas,BHS,2012,16.0696
143,Bahamas,BHS,2013,15.4325
144,Bahamas,BHS,2014,15.8441
145,Bahamas,BHS,2015,15.9052
146,Bahamas,BHS,2016,15.5474
147,Bahamas,BHS,2017,15.1039
148,Bahamas,BHS,2018,15.4028
149,Bahamas,BHS,2019,15.2567
150,Bahrain,BHR,2010,63.2667
151,Bahrain,BHR,2011,64.82876
152,Bahrain,BHR,2012,67.4297
153,Bahrain,BHR,2013,63.57234
154,Bahrain,BHR,2014,58.95892
155,Bahrain,BHR,2015,65.71355
156,Bahrain,BHR,2016,61.12351
157,Bahrain,BHR,2017,61.12047
158,Bahrain,BHR,2018,59.87996
159,Bahrain,BHR,2019,58.66163
160,Bangladesh,BGD,2010,56.48803
161,Bangladesh,BGD,2011,60.63896
162,Bangladesh,BGD,2012,69.00422
163,Bangladesh,BGD,2013,66.47897
164,Bangladesh,BGD,2014,73.37176
165,Bangladesh,BGD,2015,69.08059
166,Bangladesh,BGD,2016,67.90836
167,Bangladesh,BGD,2017,62.82447
168,Bangladesh,BGD,2018,63.39008
169,Bangladesh,BGD,2019,63.54533
170,Barbados,BRB,2010,19.64102
171,Barbados,BRB,2011,18.87565
172,Barbados,BRB,2012,19.80088
173,Barbados,BRB,2013,19.81828
174,Barbados,BRB,2014,19.90631
175,Barbados,BRB,2015,21.62359
176,Barbados,BRB,2016,20.7776
177,Barbados,BRB,2017,20.62564
178,Barbados,BRB,2018,20.96186
179,Barbados,BRB,2019,21.04115
180,Belarus,BLR,2010,22.46444
181,Belarus,BLR,2011,19.86036
182,Belarus,BLR,2012,19.1637
183,Belarus,BLR,2013,20.06079
184,Belarus,BLR,2014,20.48884
185,Belarus,BLR,2015,18.73342
186,Belarus,BLR,2016,16.90633
187,Belarus,BLR,2017,16.59014
188,Belarus,BLR,2018,16.66586
189,Belarus,BLR,2019,16.57188
190,Belgium,BEL,2010,16.98231
191,Belgium,BEL,2011,16.24259
192,Belgium,BEL,2012,15.20068
193,Belgium,BEL,2013,14.30519
194,Belgium,BEL,2014,12.90808
195,Belgium,BEL,2015,13.265
196,Belgium,BEL,2016,12.43661
197,Belgium,BEL,2017,12.89121
198,Belgium,BEL,2018,12.8198
199,Belgium,BEL,2019,12.7263
200,Belize,BLZ,2010,18.19082
201,Belize,BLZ,2011,20.41728
202,Belize,BLZ,2012,19.25992
203,Belize,BLZ,2013,21.64885
204,Belize,BLZ,2014,21.09548
205,Belize,BLZ,2015,21.35966
206,Belize,BLZ,2016,20.45695
207,Belize,BLZ,2017,20.27676
208,Belize,BLZ,2018,20.56673
209,Belize,BLZ,2019,20.45305
210,Benin,BEN,2010,41.20744
211,Benin,BEN,2011,41.55631
212,Benin,BEN,2012,43.13099
213,Benin,BEN,2013,38.98048
214,Benin,BEN,2014,39.02518
215,Benin,BEN,2015,48.55724
216,Benin,BEN,2016,46.11021
217,Benin,BEN,2017,44.61055
218,Benin,BEN,2018,45.71945
219,Benin,BEN,2019,46.23708
220,Bermuda,BMU,2010,7.10726
221,Bermuda,BMU,2011,6.87622
222,Bermuda,BMU,2012,6.84478
223,Bermuda,BMU,2013,6.50045
224,Bermuda,BMU,2014,6.89606
225,Bermuda,BMU,2015,7.0228
226,Bermuda,BMU,2016,7.47109
227,Bermuda,BMU,2017,7.21156
228,Bermuda,BMU,2018,7.1688
229,Bermuda,BMU,2019,7.08401
230,Bhutan,BTN,2010,39.65957
231,Bhutan,BTN,2011,37.99492
232,Bhutan,BTN,2012,44.21164
233,Bhutan,BTN,2013,42.63762
234,Bhutan,BTN,2014,48.56215
235,Bhutan,BTN,2015,44.49682
236,Bhutan,BTN,2016,43.64552
237,Bhutan,BTN,2017,40.24918
238,Bhutan,BTN,2018,40.47256
239,Bhutan,BTN,2019,40.3737
240,Bolivia,BOL,2010,31.86734
241,Bolivia,BOL,2011,28.84461
242,Bolivia,BOL,2012,28.67738
243,Bolivia,BOL,2013,26.97036
244,Bolivia,BOL,2014,28.54349
245,Bolivia,BOL,2015,29.54265
246,Bolivia,BOL,2016,28.39105
247,Bolivia,BOL,2017,27.93657
248,Bolivia,BOL,2018,27.71693
249,Bolivia,BOL,2019,27.48764
250,Bosnia and Herzegovina,BIH,2010,35.46516
251,Bosnia and Herzegovina,BIH,2011,39.36054
252,Bosnia and Herzegovina,BIH,2012,35.51636
253,Bosnia and Herzegovina,BIH,2013,33.93648
254,Bosnia and Herzegovina,BIH,2014,32.55819
255,Bosnia and Herzegovina,BIH,2015,33.85689
256,Bosnia and Herzegovina,BIH,2016,29.59341
257,Bosnia and Herzegovina,BIH,2017,30.77486
258,Bosnia and Herzegovina,BIH,2018,30.78127
259,Bosnia and Herzegovina,BIH,2019,30.28742
260,Botswana,BWA,2010,26.59719
261,Botswana,BWA,2011,27.00312
262,Botswana,BWA,2012,27.05872
263,Botswana,BWA,2013,26.10286
264,Botswana,BWA,2014,25.67235
265,Botswana,BWA,2015,26.59954
266,Botswana,BWA,2016,25.65127
267,Botswana,BWA,2017,25.39271
268,Botswana,BWA,2018,25.47543
269,Botswana,BWA,2019,25.32941
270,Brazil,BRA,2010,14.05672
271,Brazil,BRA,2011,14.6726
272,Brazil,BRA,2012,13.76786
273,Brazil,BRA,2013,13.13758
274,Brazil,BRA,2014,12.9879
275,Brazil,BRA,2015,11.68776
276,Brazil,BRA,2016,11.42007
277,Brazil,BRA,2017,11.66885
278,Brazil,BRA,2018,11.63402
279,Brazil,BRA,2019,11.66552
280,British Virgin Islands,VGB,2010,8.20158
281,British Virgin Islands,VGB,2011,7.25472
282,British Virgin Islands,VGB,2012,8.10943
283,British Virgin Islands,VGB,2013,7.78401
284,British Virgin Islands,VGB,2014,7.72475
285,British Virgin Islands,VGB,2015,8.55096
286,British Virgin Islands,VGB,2016,8.80847
287,British Virgin Islands,VGB,2017,8.7457
288,British Virgin Islands,VGB,2018,8.86025
289,British Virgin Islands,VGB,2019,8.87929
290,Brunei Darussalam,BRN,2010,6.40296
291,Brunei Darussalam,BRN,2011,7.35569
292,Brunei Darussalam,BRN,2012,7.62456
293,Brunei Darussalam,BRN,2013,7.63984
294,Brunei Darussalam,BRN,2014,7.77212
295,Brunei Darussalam,BRN,2015,7.95178
296,Brunei Darussalam,BRN,2016,7.68039
297,Brunei Darussalam,BRN,2017,7.38049
298,Brunei Darussalam,BRN,2018,7.7198
299,Brunei Darussalam,BRN,2019,7.72029
300,Bulgaria,BGR,2010,23.41734
301,Bulgaria,BGR,2011,26.33199
302,Bulgaria,BGR,2012,23.27254
303,Bulgaria,BGR,2013,21.80279
304,Bulgaria,BGR,2014,22.24359
305,Bulgaria,BGR,2015,20.86425
306,Bulgaria,BGR,2016,19.95143
307,Bulgaria,BGR,2017,20.22277
308,Bulgaria,BGR,2018,20.21311
309,Bulgaria,BGR,2019,19.92702
310,Burkina Faso,BFA,2010,53.99324
311,Burkina Faso,BFA,2011,51.2476
312,Burkina Faso,BFA,2012,54.19399
313,Burkina Faso,BFA,2013,47.35318
314,Burkina Faso,BFA,2014,48.42901
315,Burkina Faso,BFA,2015,60.27898
316,Burkina Faso,BFA,2016,56.26509
317,Burkina Faso,BFA,2017,53.54886
318,Burkina Faso,BFA,2018,53.66527
319,Burkina Faso,BFA,2019,53.68486
320,Burundi,BDI,2010,33.23081
321,Burundi,BDI,2011,35.35365
322,Burundi,BDI,2012,37.15903
323,Burundi,BDI,2013,35.1159
324,Burundi,BDI,2014,34.96393
325,Burundi,BDI,2015,35.83684
326,Burundi,BDI,2016,35.54883
327,Burundi,BDI,2017,32.89305
328,Burundi,BDI,2018,33.81083
329,Burundi,BDI,2019,33.32371
330,Cabo Verde,CPV,2010,33.89275
331,Cabo Verde,CPV,2011,46.65352
332,Cabo Verde,CPV,2012,51.9952
333,Cabo Verde,CPV,2013,42.69561
334,Cabo Verde,CPV,2014,38.9524
335,Cabo Verde,CPV,2015,53.63169
336,Cabo Verde,CPV,2016,47.68437
337,Cabo Verde,CPV,2017,52.37652
338,Cabo Verde,CPV,2018,49.82569
339,Cabo Verde,CPV,2019,50.88585
340,Cambodia,KHM,2010,29.00238
341,Cambodia,KHM,2011,24.82077
342,Cambodia,KHM,2012,25.02527
343,Cambodia,KHM,2013,28.13717
344,Cambodia,KHM,2014,24.31387
345,Cambodia,KHM,2015,24.11826
346,Cambodia,KHM,2016,24.88946
347,Cambodia,KHM,2017,22.08535
348,Cambodia,KHM,2018,22.33921
349,Cambodia,KHM,2019,22.13588
350,Cameroon,CMR,2010,60.63623
351,Cameroon,CMR,2011,60.06186
352,Cameroon,CMR,2012,62.5594
353,Cameroon,CMR,2013,57.96497
354,Cameroon,CMR,2014,57.77838
355,Cameroon,CMR,2015,71.14056
356,Cameroon,CMR,2016,66.83687
357,Cameroon,CMR,2017,63.75296
358,Cameroon,CMR,2018,65.45743
359,Cameroon,CMR,2019,66.15428
360,Canada,CAN,2010,7.90157
361,Canada,CAN,2011,7.34895
362,Canada,CAN,2012,7.61087
363,Canada,CAN,2013,7.28206
364,Canada,CAN,2014,7.498
365,Canada,CAN,2015,7.2834
366,Canada,CAN,2016,6.20744
367,Canada,CAN,2017,7.27823
368,Canada,CAN,2018,7.07298
369,Canada,CAN,2019,7.09026
370,Cayman Islands,CYM,2010,8.1684
371,Cayman Islands,CYM,2011,8.19742
372,Cayman Islands,CYM,2012,8.59979
373,Cayman Islands,CYM,2013,8.68551
374,Cayman Islands,CYM,2014,9.31086
375,Cayman Islands,CYM,2015,9.43474
376,Cayman Islands,CYM,2016,9.33916
377,Cayman Islands,CYM,2017,8.79769
378,Cayman Islands,CYM,2018,8.34669
379,Cayman Islands,CYM,2019,7.83108
380,Central African Republic,CAF,2010,44.32997
381,Central African Republic,CAF,2011,47.25884
382,Central African Republic,CAF,2012,47.62774
383,Central African Republic,CAF,2013,45.18815
384,Central African Republic,CAF,2014,42.84418
385,Central African Republic,CAF,2015,48.64444
386,Central African Republic,CAF,2016,46.04008
387,Central African Republic,CAF,2017,44.87807
388,Central African Republic,CAF,2018,46.62242
389,Central African Republic,CAF,2019,46.89668
390,Chad,TCD,2010,57.8041
391,Chad,TCD,2011,58.92884
392,Chad,TCD,2012,60.05122
393,Chad,TCD,2013,55.8678
394,Chad,TCD,2014,53.48884
395,Chad,TCD,2015,64.13971
396,Chad,TCD,2016,59.85288
397,Chad,TCD,2017,59.55246
398,Chad,TCD,2018,59.32125
399,Chad,TCD,2019,59.42594
400,Chile,CHL,2010,21.93499
401,Chile,CHL,2011,23.31394
402,Chile,CHL,2012,22.28727
403,Chile,CHL,2013,23.85567
404,Chile,CHL,2014,23.20259
405,Chile,CHL,2015,24.49502
406,Chile,CHL,2016,24.72874
407,Chile,CHL,2017,22.81016
408,Chile,CHL,2018,23.63918
409,Chile,CHL,2019,23.68317
410,China,CHN,2010,53.24271
411,China,CHN,2011,58.41283
412,China,CHN,2012,58.91645
413,China,CHN,2013,63.32051
414,China,CHN,2014,60.31858
415,China,CHN,2015,56.26218
416,China,CHN,2016,51.64413
417,China,CHN,2017,49.98303
418,China,CHN,2018,49.33254
419,China,CHN,2019,47.72902
420,Chinese Taipei,TWN,2010,22.9156
421,Chinese Taipei,TWN,2011,25.5922
422,Chinese Taipei,TWN,2012,25.7891
423,Chinese Taipei,TWN,2013,27.1923
424,Chinese Taipei,TWN,2014,26.9121
425,Chinese Taipei,TWN,2015,26.3571
426,Chinese Taipei,TWN,2016,23.3962
427,Chinese Taipei,TWN,2017,23.4472
428,Chinese Taipei,TWN,2018,23.8034
429,Chinese Taipei,TWN,2019,23.5335
430,Christmas Islands,CXR,2010,7.23111
431,Christmas Islands,CXR,2011,7.10606
432,Christmas Islands,CXR,2012,8.06011
433,Christmas Islands,CXR,2013,7.61873
434,Christmas Islands,CXR,2014,8.3402
435,Christmas Islands,CXR,2015,8.49565
436,Christmas Islands,CXR,2016,8.7505
437,Christmas Islands,CXR,2017,8.41017
438,Christmas Islands,CXR,2018,8.2959
439,Christmas Islands,CXR,2019,8.05843
440,Cocos (Keeling) Islands,CCK,2010,7.10203
441,Cocos (Keeling) Islands,CCK,2011,6.76561
442,Cocos (Keeling) Islands,CCK,2012,6.94099
443,Cocos (Keeling) Islands,CCK,2013,7.088
444,Cocos (Keeling) Islands,CCK,2014,7.43394
445,Cocos (Keeling) Islands,CCK,2015,7.66511
446,Cocos (Keeling) Islands,CCK,2016,7.74677
447,Cocos (Keeling) Islands,CCK,2017,7.91397
448,Cocos (Keeling) Islands,CCK,2018,7.89287
449,Cocos (Keeling) Islands,CCK,2019,7.87456
450,Colombia,COL,2010,25.65682
451,Colombia,COL,2011,26.62611
452,Colombia,COL,2012,23.98831
453,Colombia,COL,2013,24.85015
454,Colombia,COL,2014,24.42363
455,Colombia,COL,2015,23.45619
456,Colombia,COL,2016,23.25429
457,Colombia,COL,2017,22.56593
458,Colombia,COL,2018,22.63916
459,Colombia,COL,2019,22.5254
460,Comoros,COM,2010,17.02239
461,Comoros,COM,2011,17.76482
462,Comoros,COM,2012,17.21787
463,Comoros,COM,2013,17.64148
464,Comoros,COM,2014,16.93253
465,Comoros,COM,2015,17.76587
466,Comoros,COM,2016,17.18407
467,Comoros,COM,2017,16.51766
468,Comoros,COM,2018,17.05206
469,Comoros,COM,2019,17.0261
470,Congo,COG,2010,38.91787
471,Congo,COG,2011,39.49575
472,Congo,COG,2012,40.01911
473,Congo,COG,2013,41.834
474,Congo,COG,2014,38.82954
475,Congo,COG,2015,42.22145
476,Congo,COG,2016,40.82738
477,Congo,COG,2017,38.64156
478,Congo,COG,2018,39.68276
479,Congo,COG,2019,39.25027
480,Cook Islands,COK,2010,5.86857
481,Cook Islands,COK,2011,5.48904
482,Cook Islands,COK,2012,5.73397
483,Cook Islands,COK,2013,5.66049
484,Cook Islands,COK,2014,5.86132
485,Cook Islands,COK,2015,5.97877
486,Cook Islands,COK,2016,6.37038
487,Cook Islands,COK,2017,6.31971
488,Cook Islands,COK,2018,6.34711
489,Cook Islands,COK,2019,6.33352
490,Costa Rica,CRI,2010,18.15207
491,Costa Rica,CRI,2011,19.61187
492,Costa Rica,CRI,2012,18.90757
493,Costa Rica,CRI,2013,19.21802
494,Costa Rica,CRI,2014,18.30714
495,Costa Rica,CRI,2015,18.58168
496,Costa Rica,CRI,2016,17.92489
497,Costa Rica,CRI,2017,17.46191
498,Costa Rica,CRI,2018,17.54223
499,Costa Rica,CRI,2019,17.43615
500,Croatia,HRV,2010,20.82379
501,Croatia,HRV,2011,22.8211
502,Croatia,HRV,2012,20.22689
503,Croatia,HRV,2013,19.69789
504,Croatia,HRV,2014,19.26618
505,Croatia,HRV,2015,19.63877
506,Croatia,HRV,2016,17.48408
507,Croatia,HRV,2017,18.07654
508,Croatia,HRV,2018,18.37508
509,Croatia,HRV,2019,18.22689
510,Cuba,CUB,2010,18.27104
511,Cuba,CUB,2011,19.13832
512,Cuba,CUB,2012,19.28152
513,Cuba,CUB,2013,19.4254
514,Cuba,CUB,2014,19.80842
515,Cuba,CUB,2015,20.30881
516,Cuba,CUB,2016,19.59893
517,Cuba,CUB,2017,18.60644
518,Cuba,CUB,2018,18.4514
519,Cuba,CUB,2019,17.95487
520,Cyprus,CYP,2010,19.1292
521,Cyprus,CYP,2011,18.8249
522,Cyprus,CYP,2012,17.0835
523,Cyprus,CYP,2013,16.5619
524,Cyprus,CYP,2014,16.6648
525,Cyprus,CYP,2015,17.407
526,Cyprus,CYP,2016,14.6237
527,Cyprus,CYP,2017,15.3562
528,Cyprus,CYP,2018,15.8137
529,Cyprus,CYP,2019,15.7934
530,Czech Republic,CZE,2010,20.61879
531,Czech Republic,CZE,2011,20.92894
532,Czech Republic,CZE,2012,19.19432
533,Czech Republic,CZE,2013,18.86504
534,Czech Republic,CZE,2014,18.3344
535,Czech Republic,CZE,2015,17.80795
536,Czech Republic,CZE,2016,16.88553
537,Czech Republic,CZE,2017,16.91918
538,Czech Republic,CZE,2018,17.16555
539,Czech Republic,CZE,2019,16.96525
540,Côte d'Ivoire,CIV,2010,51.07581
541,Côte d'Ivoire,CIV,2011,56.8145
542,Côte d'Ivoire,CIV,2012,57.03794
543,Côte d'Ivoire,CIV,2013,49.04376
544,Côte d'Ivoire,CIV,2014,48.22991
545,Côte d'Ivoire,CIV,2015,63.77092
546,Côte d'Ivoire,CIV,2016,61.66553
547,Côte d'Ivoire,CIV,2017,55.33156
548,Côte d'Ivoire,CIV,2018,55.89733
549,Côte d'Ivoire,CIV,2019,55.9251
550,Democratic People's Republic of Korea,PRK,2010,39.38654
551,Democratic People's Republic of Korea,PRK,2011,45.33044
552,Democratic People's Republic of Korea,PRK,2012,46.17635
553,Democratic People's Republic of Korea,PRK,2013,50.61102
554,Democratic People's Republic of Korea,PRK,2014,50.00248
555,Democratic People's Republic of Korea,PRK,2015,47.96794
556,Democratic People's Republic of Korea,PRK,2016,43.52124
557,Democratic People's Republic of Korea,PRK,2017,43.51352
558,Democratic People's Republic of Korea,PRK,2018,45.14198
559,Democratic People's Republic of Korea,PRK,2019,45.18309
560,Democratic Republic of the Congo,COD,2010,35.72552
561,Democratic Republic of the Congo,COD,2011,36.86839
562,Democratic Republic of the Congo,COD,2012,38.95214
563,Democratic Republic of the Congo,COD,2013,38.16964
564,Democratic Republic of the Congo,COD,2014,36.74487
565,Democratic Republic of the Congo,COD,2015,40.42859
566,Democratic Republic of the Congo,COD,2016,38.14317
567,Democratic Republic of the Congo,COD,2017,35.84552
568,Democratic Republic of the Congo,COD,2018,36.82314
569,Democratic Republic of the Congo,COD,2019,36.27272
570,Denmark,DNK,2010,13.35076
571,Denmark,DNK,2011,13.61736
572,Denmark,DNK,2012,10.86565
573,Denmark,DNK,2013,10.48783
574,Denmark,DNK,2014,11.0559
575,Denmark,DNK,2015,10.18456
576,Denmark,DNK,2016,9.30205
577,Denmark,DNK,2017,10.28813
578,Denmark,DNK,2018,9.87276
579,Denmark,DNK,2019,9.78493
580,Djibouti,DJI,2010,42.54804
581,Djibouti,DJI,2011,46.00165
582,Djibouti,DJI,2012,47.80522
583,Djibouti,DJI,2013,46.97759
584,Djibouti,DJI,2014,43.55011
585,Djibouti,DJI,2015,45.68844
586,Djibouti,DJI,2016,44.38001
587,Djibouti,DJI,2017,44.42654
588,Djibouti,DJI,2018,44.20975
589,Djibouti,DJI,2019,43.98848
590,Dominica,DMA,2010,17.46372
591,Dominica,DMA,2011,16.72911
592,Dominica,DMA,2012,17.62192
593,Dominica,DMA,2013,17.62951
594,Dominica,DMA,2014,17.32295
595,Dominica,DMA,2015,19.06696
596,Dominica,DMA,2016,18.3368
597,Dominica,DMA,2017,17.97767
598,Dominica,DMA,2018,18.35976
599,Dominica,DMA,2019,18.39629
600,Dominican Republic,DOM,2010,17.13981
601,Dominican Republic,DOM,2011,16.54403
602,Dominican Republic,DOM,2012,17.36776
603,Dominican Republic,DOM,2013,17.23382
604,Dominican Republic,DOM,2014,17.82735
605,Dominican Republic,DOM,2015,18.62817
606,Dominican Republic,DOM,2016,18.17853
607,Dominican Republic,DOM,2017,18.15262
608,Dominican Republic,DOM,2018,18.15087
609,Dominican Republic,DOM,2019,18.14536
610,Ecuador,ECU,2010,22.06176
611,Ecuador,ECU,2011,20.29435
612,Ecuador,ECU,2012,21.65051
613,Ecuador,ECU,2013,20.75471
614,Ecuador,ECU,2014,21.54693
615,Ecuador,ECU,2015,21.73624
616,Ecuador,ECU,2016,21.44482
617,Ecuador,ECU,2017,19.89895
618,Ecuador,ECU,2018,20.7159
619,Ecuador,ECU,2019,20.60601
620,Egypt,EGY,2010,78.48821
621,Egypt,EGY,2011,69.73873
622,Egypt,EGY,2012,69.65333
623,Egypt,EGY,2013,74.71484
624,Egypt,EGY,2014,72.01255
625,Egypt,EGY,2015,73.10574
626,Egypt,EGY,2016,66.71446
627,Egypt,EGY,2017,66.95324
628,Egypt,EGY,2018,68.48883
629,Egypt,EGY,2019,67.91512
630,El Salvador,SLV,2010,24.31177
631,El Salvador,SLV,2011,28.71104
632,El Salvador,SLV,2012,25.46469
633,El Salvador,SLV,2013,26.96585
634,El Salvador,SLV,2014,24.48574
635,El Salvador,SLV,2015,25.61375
636,El Salvador,SLV,2016,23.54934
637,El Salvador,SLV,2017,23.15157
638,El Salvador,SLV,2018,22.77792
639,El Salvador,SLV,2019,22.34945
640,Equatorial Guinea,GNQ,2010,41.57334
641,Equatorial Guinea,GNQ,2011,43.11348
642,Equatorial Guinea,GNQ,2012,41.34775
643,Equatorial Guinea,GNQ,2013,40.71994
644,Equatorial Guinea,GNQ,2014,40.66992
645,Equatorial Guinea,GNQ,2015,50.10433
646,Equatorial Guinea,GNQ,2016,48.36794
647,Equatorial Guinea,GNQ,2017,44.57779
648,Equatorial Guinea,GNQ,2018,46.60303
649,Equatorial Guinea,GNQ,2019,47.03413
650,Eritrea,ERI,2010,43.61637
651,Eritrea,ERI,2011,43.96017
652,Eritrea,ERI,2012,45.1614
653,Eritrea,ERI,2013,45.48696
654,Eritrea,ERI,2014,39.91731
655,Eritrea,ERI,2015,43.64826
656,Eritrea,ERI,2016,41.96897
657,Eritrea,ERI,2017,44.34945
658,Eritrea,ERI,2018,44.13527
659,Eritrea,ERI,2019,44.77914
660,Estonia,EST,2010,8.64993
661,Estonia,EST,2011,7.78834
662,Estonia,EST,2012,7.52441
663,Estonia,EST,2013,7.58672
664,Estonia,EST,2014,8.17666
665,Estonia,EST,2015,6.61738
666,Estonia,EST,2016,6.57034
667,Estonia,EST,2017,5.72617
668,Estonia,EST,2018,6.0417
669,Estonia,EST,2019,5.94962
670,Eswatini,SWZ,2010,23.90012
671,Eswatini,SWZ,2011,23.10746
672,Eswatini,SWZ,2012,23.44877
673,Eswatini,SWZ,2013,23.38677
674,Eswatini,SWZ,2014,23.12662
675,Eswatini,SWZ,2015,23.47879
676,Eswatini,SWZ,2016,22.1108
677,Eswatini,SWZ,2017,23.43572
678,Eswatini,SWZ,2018,23.20816
679,Eswatini,SWZ,2019,23.36699
680,Ethiopia,ETH,2010,34.01029
681,Ethiopia,ETH,2011,34.91743
682,Ethiopia,ETH,2012,35.57929
683,Ethiopia,ETH,2013,35.38061
684,Ethiopia,ETH,2014,33.02072
685,Ethiopia,ETH,2015,34.44848
686,Ethiopia,ETH,2016,33.66216
687,Ethiopia,ETH,2017,33.97099
688,Ethiopia,ETH,2018,33.89873
689,Ethiopia,ETH,2019,33.83347
690,Faeroe Islands,FRO,2010,6.5894
691,Faeroe Islands,FRO,2011,6.7018
692,Faeroe Islands,FRO,2012,6.36095
693,Faeroe Islands,FRO,2013,6.84075
694,Faeroe Islands,FRO,2014,7.47962
695,Faeroe Islands,FRO,2015,7.10673
696,Faeroe Islands,FRO,2016,7.31844
697,Faeroe Islands,FRO,2017,7.57042
698,Faeroe Islands,FRO,2018,7.43013
699,Faeroe Islands,FRO,2019,7.35377
700,Falkland Islands (Malvinas),FLK,2010,6.52797
701,Falkland Islands (Malvinas),FLK,2011,6.37828
702,Falkland Islands (Malvinas),FLK,2012,6.49133
703,Falkland Islands (Malvinas),FLK,2013,6.16292
704,Falkland Islands (Malvinas),FLK,2014,6.58251
705,Falkland Islands (Malvinas),FLK,2015,6.61101
706,Falkland Islands (Malvinas),FLK,2016,7.0375
707,Falkland Islands (Malvinas),FLK,2017,7.04179
708,Falkland Islands (Malvinas),FLK,2018,7.04546
709,Falkland Islands (Malvinas),FLK,2019,7.02359
710,Fiji,FJI,2010,10.82694
711,Fiji,FJI,2011,10.87872
712,Fiji,FJI,2012,10.88774
713,Fiji,FJI,2013,11.0207
714,Fiji,FJI,2014,10.62791
715,Fiji,FJI,2015,10.50479
716,Fiji,FJI,2016,10.95922
717,Fiji,FJI,2017,10.93599
718,Fiji,FJI,2018,10.85371
719,Fiji,FJI,2019,10.85933
720,Finland,FIN,2010,7.35265
721,Finland,FIN,2011,7.16954
722,Finland,FIN,2012,6.48428
723,Finland,FIN,2013,6.09858
724,Finland,FIN,2014,6.49007
725,Finland,FIN,2015,5.71918
726,Finland,FIN,2016,5.67993
727,Finland,FIN,2017,5.3344
728,Finland,FIN,2018,5.67502
729,Finland,FIN,2019,5.63829
730,France,FRA,2010,14.86064
731,France,FRA,2011,14.78044
732,France,FRA,2012,13.52899
733,France,FRA,2013,13.44807
734,France,FRA,2014,11.50913
735,France,FRA,2015,12.23154
736,France,FRA,2016,11.43916
737,France,FRA,2017,11.38728
738,France,FRA,2018,11.49229
739,France,FRA,2019,11.36678
740,French Polynesia,PYF,2010,6.27755
741,French Polynesia,PYF,2011,5.89753
742,French Polynesia,PYF,2012,5.69582
743,French Polynesia,PYF,2013,5.83946
744,French Polynesia,PYF,2014,6.04856
745,French Polynesia,PYF,2015,6.35348
746,French Polynesia,PYF,2016,6.63658
747,French Polynesia,PYF,2017,6.59258
748,French Polynesia,PYF,2018,6.63166
749,French Polynesia,PYF,2019,6.62968
750,Gabon,GAB,2010,36.03618
751,Gabon,GAB,2011,36.73914
752,Gabon,GAB,2012,35.47618
753,Gabon,GAB,2013,37.69086
754,Gabon,GAB,2014,34.52105
755,Gabon,GAB,2015,40.57385
756,Gabon,GAB,2016,39.69459
757,Gabon,GAB,2017,35.76827
758,Gabon,GAB,2018,37.54874
759,Gabon,GAB,2019,37.43801
760,Gambia,GMB,2010,54.86709
761,Gambia,GMB,2011,56.98002
762,Gambia,GMB,2012,62.1852
763,Gambia,GMB,2013,51.63885
764,Gambia,GMB,2014,53.68586
765,Gambia,GMB,2015,61.84551
766,Gambia,GMB,2016,57.60833
767,Gambia,GMB,2017,61.52662
768,Gambia,GMB,2018,58.12545
769,Gambia,GMB,2019,58.2145
770,Georgia,GEO,2010,18.53592
771,Georgia,GEO,2011,20.58995
772,Georgia,GEO,2012,20.88921
773,Georgia,GEO,2013,20.25822
774,Georgia,GEO,2014,19.99326
775,Georgia,GEO,2015,19.02116
776,Georgia,GEO,2016,18.19874
777,Georgia,GEO,2017,18.50095
778,Georgia,GEO,2018,18.2412
779,Georgia,GEO,2019,18.24743
780,Germany,DEU,2010,16.25385
781,Germany,DEU,2011,15.74135
782,Germany,DEU,2012,13.95161
783,Germany,DEU,2013,13.71588
784,Germany,DEU,2014,12.37438
785,Germany,DEU,2015,12.85765
786,Germany,DEU,2016,11.89868
787,Germany,DEU,2017,12.00724
788,Germany,DEU,2018,12.04758
789,Germany,DEU,2019,11.92769
790,Ghana,GHA,2010,50.69795
791,Ghana,GHA,2011,54.17981
792,Ghana,GHA,2012,55.11622
793,Ghana,GHA,2013,48.30836
794,Ghana,GHA,2014,47.44691
795,Ghana,GHA,2015,61.11503
796,Ghana,GHA,2016,60.31063
797,Ghana,GHA,2017,56.46406
798,Ghana,GHA,2018,54.71702
799,Ghana,GHA,2019,54.4758
800,Gibraltar,GIB,2010,15.3327
801,Gibraltar,GIB,2011,16.2766
802,Gibraltar,GIB,2012,14.7257
803,Gibraltar,GIB,2013,13.6609
804,Gibraltar,GIB,2014,12.717
805,Gibraltar,GIB,2015,14.2281
806,Gibraltar,GIB,2016,12.8635
807,Gibraltar,GIB,2017,13.3166
808,Gibraltar,GIB,2018,13.1872
809,Gibraltar,GIB,2019,13.1925
810,Greece,GRC,2010,19.15183
811,Greece,GRC,2011,19.81029
812,Greece,GRC,2012,17.43828
813,Greece,GRC,2013,16.76962
814,Greece,GRC,2014,15.79873
815,Greece,GRC,2015,16.15492
816,Greece,GRC,2016,14.53957
817,Greece,GRC,2017,14.51079
818,Greece,GRC,2018,14.58649
819,Greece,GRC,2019,14.3205
820,Greenland,GRL,2010,6.00606
821,Greenland,GRL,2011,5.77557
822,Greenland,GRL,2012,6.12454
823,Greenland,GRL,2013,6.07662
824,Greenland,GRL,2014,6.37007
825,Greenland,GRL,2015,6.23274
826,Greenland,GRL,2016,6.48498
827,Greenland,GRL,2017,6.61567
828,Greenland,GRL,2018,6.52616
829,Greenland,GRL,2019,6.47841
830,Grenada,GRD,2010,19.74108
831,Grenada,GRD,2011,19.023
832,Grenada,GRD,2012,19.97715
833,Grenada,GRD,2013,19.99711
834,Grenada,GRD,2014,20.17701
835,Grenada,GRD,2015,21.8333
836,Grenada,GRD,2016,21.08029
837,Grenada,GRD,2017,20.91346
838,Grenada,GRD,2018,21.28297
839,Grenada,GRD,2019,21.38449
840,Guam,GUM,2010,7.19849
841,Guam,GUM,2011,6.87358
842,Guam,GUM,2012,6.90224
843,Guam,GUM,2013,7.85308
844,Guam,GUM,2014,7.4503
845,Guam,GUM,2015,10.0782
846,Guam,GUM,2016,8.35715
847,Guam,GUM,2017,7.7631
848,Guam,GUM,2018,8.27141
849,Guam,GUM,2019,8.24133
850,Guatemala,GTM,2010,28.97928
851,Guatemala,GTM,2011,32.65345
852,Guatemala,GTM,2012,30.45201
853,Guatemala,GTM,2013,32.35509
854,Guatemala,GTM,2014,29.58513
855,Guatemala,GTM,2015,31.11405
856,Guatemala,GTM,2016,29.31602
857,Guatemala,GTM,2017,27.99122
858,Guatemala,GTM,2018,28.18948
859,Guatemala,GTM,2019,27.81365
860,Guernsey,GGY,2010,9.0236
861,Guernsey,GGY,2011,9.13073
862,Guernsey,GGY,2012,8.81733
863,Guernsey,GGY,2013,9.00318
864,Guernsey,GGY,2014,9.18052
865,Guernsey,GGY,2015,8.80267
866,Guernsey,GGY,2016,10.03498
867,Guernsey,GGY,2017,9.83468
868,Guernsey,GGY,2018,9.63789
869,Guernsey,GGY,2019,9.56168
870,Guinea,GIN,2010,51.44129
871,Guinea,GIN,2011,52.39549
872,Guinea,GIN,2012,53.22827
873,Guinea,GIN,2013,46.33916
874,Guinea,GIN,2014,48.50691
875,Guinea,GIN,2015,56.58992
876,Guinea,GIN,2016,53.96375
877,Guinea,GIN,2017,53.82084
878,Guinea,GIN,2018,52.76226
879,Guinea,GIN,2019,52.82294
880,Guinea-Bissau,GNB,2010,52.73469
881,Guinea-Bissau,GNB,2011,53.88237
882,Guinea-Bissau,GNB,2012,56.80035
883,Guinea-Bissau,GNB,2013,47.53709
884,Guinea-Bissau,GNB,2014,49.24897
885,Guinea-Bissau,GNB,2015,57.45475
886,Guinea-Bissau,GNB,2016,54.11766
887,Guinea-Bissau,GNB,2017,57.43412
888,Guinea-Bissau,GNB,2018,53.98771
889,Guinea-Bissau,GNB,2019,54.01773
890,Guyana,GUY,2010,22.1019
891,Guyana,GUY,2011,21.21305
892,Guyana,GUY,2012,22.65374
893,Guyana,GUY,2013,21.96522
894,Guyana,GUY,2014,21.6012
895,Guyana,GUY,2015,23.27225
896,Guyana,GUY,2016,22.7388
897,Guyana,GUY,2017,21.80917
898,Guyana,GUY,2018,21.15877
899,Guyana,GUY,2019,20.40551
900,Haiti,HTI,2010,18.3538
901,Haiti,HTI,2011,18.02804
902,Haiti,HTI,2012,18.8603
903,Haiti,HTI,2013,19.03057
904,Haiti,HTI,2014,19.49593
905,Haiti,HTI,2015,20.22097
906,Haiti,HTI,2016,19.46409
907,Haiti,HTI,2017,19.42883
908,Haiti,HTI,2018,19.44233
909,Haiti,HTI,2019,19.32223
910,Holy See,VAT,2010,21.6036
911,Holy See,VAT,2011,23.7555
912,Holy See,VAT,2012,20.7121
913,Holy See,VAT,2013,19.7776
914,Holy See,VAT,2014,18.7412
915,Holy See,VAT,2015,19.5791
916,Holy See,VAT,2016,17.4367
917,Holy See,VAT,2017,17.5591
918,Holy See,VAT,2018,17.9542
919,Holy See,VAT,2019,17.8034
920,Honduras,HND,2010,24.11093
921,Honduras,HND,2011,28.74691
922,Honduras,HND,2012,25.5617
923,Honduras,HND,2013,28.09273
924,Honduras,HND,2014,25.63117
925,Honduras,HND,2015,26.76994
926,Honduras,HND,2016,24.80745
927,Honduras,HND,2017,22.79017
928,Honduras,HND,2018,23.41061
929,Honduras,HND,2019,22.92625
930,"Hong Kong, China",HKG,2010,25.2748
931,"Hong Kong, China",HKG,2011,28.7823
932,"Hong Kong, China",HKG,2012,28.1155
933,"Hong Kong, China",HKG,2013,29.828
934,"Hong Kong, China",HKG,2014,29.255
935,"Hong Kong, China",HKG,2015,26.4702
936,"Hong Kong, China",HKG,2016,25.064
937,"Hong Kong, China",HKG,2017,24.498
938,"Hong Kong, China",HKG,2018,24.409
939,"Hong Kong, China",HKG,2019,23.9051
940,Hungary,HUN,2010,20.21153
941,Hungary,HUN,2011,20.93728
942,Hungary,HUN,2012,18.5864
943,Hungary,HUN,2013,17.64081
944,Hungary,HUN,2014,17.67609
945,Hungary,HUN,2015,17.68824
946,Hungary,HUN,2016,15.85458
947,Hungary,HUN,2017,16.69836
948,Hungary,HUN,2018,16.74279
949,Hungary,HUN,2019,16.59597
950,Iceland,ISL,2010,7.34296
951,Iceland,ISL,2011,7.56968
952,Iceland,ISL,2012,6.90333
953,Iceland,ISL,2013,6.79215
954,Iceland,ISL,2014,6.62412
955,Iceland,ISL,2015,6.50414
956,Iceland,ISL,2016,6.09614
957,Iceland,ISL,2017,6.37648
958,Iceland,ISL,2018,6.36308
959,Iceland,ISL,2019,6.37407
960,India,IND,2010,77.4766
961,India,IND,2011,80.74542
962,India,IND,2012,87.09878
963,India,IND,2013,90.10211
964,India,IND,2014,95.8366
965,India,IND,2015,88.89748
966,India,IND,2016,92.54553
967,India,IND,2017,82.06178
968,India,IND,2018,83.21147
969,India,IND,2019,83.30377
970,Indonesia,IDN,2010,22.59126
971,Indonesia,IDN,2011,19.18971
972,Indonesia,IDN,2012,20.35076
973,Indonesia,IDN,2013,20.30303
974,Indonesia,IDN,2014,19.14704
975,Indonesia,IDN,2015,20.17936
976,Indonesia,IDN,2016,21.45374
977,Indonesia,IDN,2017,18.85747
978,Indonesia,IDN,2018,19.408
979,Indonesia,IDN,2019,19.67376
980,Iran,IRN,2010,42.31779
981,Iran,IRN,2011,43.55019
982,Iran,IRN,2012,42.51894
983,Iran,IRN,2013,42.23355
984,Iran,IRN,2014,40.80528
985,Iran,IRN,2015,41.94824
986,Iran,IRN,2016,40.77335
987,Iran,IRN,2017,39.98541
988,Iran,IRN,2018,39.59638
989,Iran,IRN,2019,39.00154
990,Iraq,IRQ,2010,58.03638
991,Iraq,IRQ,2011,54.81704
992,Iraq,IRQ,2012,54.4383
993,Iraq,IRQ,2013,52.52212
994,Iraq,IRQ,2014,48.64214
995,Iraq,IRQ,2015,54.23691
996,Iraq,IRQ,2016,51.20757
997,Iraq,IRQ,2017,51.0894
998,Iraq,IRQ,2018,50.28587
999,Iraq,IRQ,2019,49.61657
1000,Ireland,IRL,2010,9.88104
1001,Ireland,IRL,2011,10.05576
1002,Ireland,IRL,2012,9.14468
1003,Ireland,IRL,2013,8.78012
1004,Ireland,IRL,2014,8.51283
1005,Ireland,IRL,2015,8.37593
1006,Ireland,IRL,2016,7.83292
1007,Ireland,IRL,2017,7.65697
1008,Ireland,IRL,2018,7.91037
1009,Ireland,IRL,2019,7.84751
1010,Isle of Man,IMN,2010,7.27387
1011,Isle of Man,IMN,2011,7.26638
1012,Isle of Man,IMN,2012,7.09808
1013,Isle of Man,IMN,2013,6.98437
1014,Isle of Man,IMN,2014,7.63872
1015,Isle of Man,IMN,2015,7.44211
1016,Isle of Man,IMN,2016,7.80809
1017,Isle of Man,IMN,2017,7.72516
1018,Isle of Man,IMN,2018,7.70283
1019,Isle of Man,IMN,2019,7.63994
1020,Israel,ISR,2010,24.73694
1021,Israel,ISR,2011,24.50612
1022,Israel,ISR,2012,22.15028
1023,Israel,ISR,2013,22.71573
1024,Israel,ISR,2014,21.53803
1025,Israel,ISR,2015,22.25146
1026,Israel,ISR,2016,18.62791
1027,Israel,ISR,2017,19.90364
1028,Israel,ISR,2018,19.73592
1029,Israel,ISR,2019,19.42415
1030,Italy,ITA,2010,20.08757
1031,Italy,ITA,2011,21.19496
1032,Italy,ITA,2012,18.63516
1033,Italy,ITA,2013,17.91081
1034,Italy,ITA,2014,16.90861
1035,Italy,ITA,2015,17.81045
1036,Italy,ITA,2016,15.5574
1037,Italy,ITA,2017,15.87492
1038,Italy,ITA,2018,16.03252
1039,Italy,ITA,2019,15.84764
1040,Jamaica,JAM,2010,15.82504
1041,Jamaica,JAM,2011,14.97522
1042,Jamaica,JAM,2012,15.72437
1043,Jamaica,JAM,2013,15.85399
1044,Jamaica,JAM,2014,16.4495
1045,Jamaica,JAM,2015,16.68487
1046,Jamaica,JAM,2016,16.32448
1047,Jamaica,JAM,2017,16.37351
1048,Jamaica,JAM,2018,16.32408
1049,Jamaica,JAM,2019,16.24505
1050,Japan,JPN,2010,11.7169
1051,Japan,JPN,2011,12.88466
1052,Japan,JPN,2012,13.3169
1053,Japan,JPN,2013,13.57522
1054,Japan,JPN,2014,13.92358
1055,Japan,JPN,2015,13.60057
1056,Japan,JPN,2016,13.54399
1057,Japan,JPN,2017,13.76077
1058,Japan,JPN,2018,13.65838
1059,Japan,JPN,2019,13.64744
1060,Jersey,JEY,2010,9.18666
1061,Jersey,JEY,2011,9.43711
1062,Jersey,JEY,2012,8.90063
1063,Jersey,JEY,2013,9.35158
1064,Jersey,JEY,2014,8.98859
1065,Jersey,JEY,2015,8.8256
1066,Jersey,JEY,2016,10.23096
1067,Jersey,JEY,2017,9.65389
1068,Jersey,JEY,2018,9.70457
1069,Jersey,JEY,2019,9.62534
1070,Jordan,JOR,2010,35.40821
1071,Jordan,JOR,2011,33.29787
1072,Jordan,JOR,2012,32.77988
1073,Jordan,JOR,2013,35.09197
1074,Jordan,JOR,2014,33.54427
1075,Jordan,JOR,2015,34.97317
1076,Jordan,JOR,2016,31.64511
1077,Jordan,JOR,2017,32.02845
1078,Jordan,JOR,2018,30.96172
1079,Jordan,JOR,2019,30.12999
1080,Kazakhstan,KAZ,2010,20.17818
1081,Kazakhstan,KAZ,2011,23.73125
1082,Kazakhstan,KAZ,2012,25.30396
1083,Kazakhstan,KAZ,2013,24.06763
1084,Kazakhstan,KAZ,2014,22.49706
1085,Kazakhstan,KAZ,2015,21.47424
1086,Kazakhstan,KAZ,2016,21.79104
1087,Kazakhstan,KAZ,2017,20.9627
1088,Kazakhstan,KAZ,2018,21.05325
1089,Kazakhstan,KAZ,2019,21.045
1090,Kenya,KEN,2010,26.71596
1091,Kenya,KEN,2011,28.66647
1092,Kenya,KEN,2012,28.96313
1093,Kenya,KEN,2013,28.02226
1094,Kenya,KEN,2014,27.20711
1095,Kenya,KEN,2015,28.04051
1096,Kenya,KEN,2016,26.86386
1097,Kenya,KEN,2017,25.03049
1098,Kenya,KEN,2018,23.24687
1099,Kenya,KEN,2019,21.53547
1100,Kiribati,KIR,2010,10.078
1101,Kiribati,KIR,2011,10.082
1102,Kiribati,KIR,2012,9.92725
1103,Kiribati,KIR,2013,10.0008
1104,Kiribati,KIR,2014,9.38946
1105,Kiribati,KIR,2015,9.15571
1106,Kiribati,KIR,2016,9.81711
1107,Kiribati,KIR,2017,9.77188
1108,Kiribati,KIR,2018,9.64583
1109,Kiribati,KIR,2019,9.62379
1110,Korea,KOR,2010,22.90255
1111,Korea,KOR,2011,25.51607
1112,Korea,KOR,2012,25.8422
1113,Korea,KOR,2013,27.5698
1114,Korea,KOR,2014,28.2092
1115,Korea,KOR,2015,27.00426
1116,Korea,KOR,2016,27.82776
1117,Korea,KOR,2017,26.90111
1118,Korea,KOR,2018,27.44769
1119,Korea,KOR,2019,27.44749
1120,Kuwait,KWT,2010,68.20246
1121,Kuwait,KWT,2011,69.98628
1122,Kuwait,KWT,2012,71.34375
1123,Kuwait,KWT,2013,68.89182
1124,Kuwait,KWT,2014,58.94282
1125,Kuwait,KWT,2015,68.09915
1126,Kuwait,KWT,2016,63.14119
1127,Kuwait,KWT,2017,65.17854
1128,Kuwait,KWT,2018,63.28198
1129,Kuwait,KWT,2019,62.67314
1130,Kyrgyzstan,KGZ,2010,23.74976
1131,Kyrgyzstan,KGZ,2011,28.36551
1132,Kyrgyzstan,KGZ,2012,28.21105
1133,Kyrgyzstan,KGZ,2013,29.23735
1134,Kyrgyzstan,KGZ,2014,26.73081
1135,Kyrgyzstan,KGZ,2015,25.88974
1136,Kyrgyzstan,KGZ,2016,25.30199
1137,Kyrgyzstan,KGZ,2017,24.57093
1138,Kyrgyzstan,KGZ,2018,24.75156
1139,Kyrgyzstan,KGZ,2019,24.60486
1140,Lao People's Democratic Republic,LAO,2010,26.65529
1141,Lao People's Democratic Republic,LAO,2011,21.95949
1142,Lao People's Democratic Republic,LAO,2012,23.24069
1143,Lao People's Democratic Republic,LAO,2013,24.93948
1144,Lao People's Democratic Republic,LAO,2014,21.77866
1145,Lao People's Democratic Republic,LAO,2015,21.00024
1146,Lao People's Democratic Republic,LAO,2016,23.6521
1147,Lao People's Democratic Republic,LAO,2017,19.45651
1148,Lao People's Democratic Republic,LAO,2018,20.72509
1149,Lao People's Democratic Republic,LAO,2019,20.76857
1150,Latvia,LVA,2010,19.1235
1151,Latvia,LVA,2011,16.7092
1152,Latvia,LVA,2012,16.1148
1153,Latvia,LVA,2013,16.4421
1154,Latvia,LVA,2014,17.1317
1155,Latvia,LVA,2015,14.5845
1156,Latvia,LVA,2016,13.6548
1157,Latvia,LVA,2017,12.4483
1158,Latvia,LVA,2018,12.916
1159,Latvia,LVA,2019,12.7076
1160,Lebanon,LBN,2010,32.58303
1161,Lebanon,LBN,2011,30.43782
1162,Lebanon,LBN,2012,29.46017
1163,Lebanon,LBN,2013,31.30328
1164,Lebanon,LBN,2014,31.25934
1165,Lebanon,LBN,2015,31.93223
1166,Lebanon,LBN,2016,29.50834
1167,Lebanon,LBN,2017,29.28341
1168,Lebanon,LBN,2018,29.4412
1169,Lebanon,LBN,2019,29.04762
1170,Lesotho,LSO,2010,32.88608
1171,Lesotho,LSO,2011,32.92488
1172,Lesotho,LSO,2012,32.75541
1173,Lesotho,LSO,2013,32.09261
1174,Lesotho,LSO,2014,32.97101
1175,Lesotho,LSO,2015,32.29056
1176,Lesotho,LSO,2016,31.60341
1177,Lesotho,LSO,2017,30.05122
1178,Lesotho,LSO,2018,28.99613
1179,Lesotho,LSO,2019,27.79676
1180,Liberia,LBR,2010,44.36661
1181,Liberia,LBR,2011,51.47016
1182,Liberia,LBR,2012,49.22334
1183,Liberia,LBR,2013,44.26993
1184,Liberia,LBR,2014,45.05879
1185,Liberia,LBR,2015,56.14305
1186,Liberia,LBR,2016,54.7675
1187,Liberia,LBR,2017,48.32126
1188,Liberia,LBR,2018,50.4423
1189,Liberia,LBR,2019,50.63222
1190,Libya,LBY,2010,45.60469
1191,Libya,LBY,2011,37.56079
1192,Libya,LBY,2012,35.34459
1193,Libya,LBY,2013,40.03397
1194,Libya,LBY,2014,37.27581
1195,Libya,LBY,2015,37.55894
1196,Libya,LBY,2016,38.40035
1197,Libya,LBY,2017,35.1316
1198,Libya,LBY,2018,36.38132
1199,Libya,LBY,2019,35.98622
1200,Liechtenstein,LIE,2010,10.5261
1201,Liechtenstein,LIE,2011,11.2207
1202,Liechtenstein,LIE,2012,11.1815
1203,Liechtenstein,LIE,2013,10.9854
1204,Liechtenstein,LIE,2014,10.2723
1205,Liechtenstein,LIE,2015,11.1137
1206,Liechtenstein,LIE,2016,11.4613
1207,Liechtenstein,LIE,2017,10.1155
1208,Liechtenstein,LIE,2018,10.4486
1209,Liechtenstein,LIE,2019,10.1492
1210,Lithuania,LTU,2010,14.86448
1211,Lithuania,LTU,2011,13.14674
1212,Lithuania,LTU,2012,13.18277
1213,Lithuania,LTU,2013,13.17732
1214,Lithuania,LTU,2014,13.49538
1215,Lithuania,LTU,2015,11.93398
1216,Lithuania,LTU,2016,10.89639
1217,Lithuania,LTU,2017,10.29794
1218,Lithuania,LTU,2018,10.5842
1219,Lithuania,LTU,2019,10.4691
1220,Luxembourg,LUX,2010,13.2019
1221,Luxembourg,LUX,2011,12.8616
1222,Luxembourg,LUX,2012,11.5151
1223,Luxembourg,LUX,2013,11.9205
1224,Luxembourg,LUX,2014,10.1599
1225,Luxembourg,LUX,2015,10.6276
1226,Luxembourg,LUX,2016,9.9328
1227,Luxembourg,LUX,2017,9.85495
1228,Luxembourg,LUX,2018,10.1541
1229,Luxembourg,LUX,2019,10.0889
1230,"Macau, China",MAC,2010,29.5918
1231,"Macau, China",MAC,2011,34.019
1232,"Macau, China",MAC,2012,33.597
1233,"Macau, China",MAC,2013,35.2469
1234,"Macau, China",MAC,2014,35.0793
1235,"Macau, China",MAC,2015,31.3123
1236,"Macau, China",MAC,2016,29.8325
1237,"Macau, China",MAC,2017,29.1248
1238,"Macau, China",MAC,2018,29.0229
1239,"Macau, China",MAC,2019,28.4314
1240,Madagascar,MDG,2010,19.00902
1241,Madagascar,MDG,2011,20.09667
1242,Madagascar,MDG,2012,19.1889
1243,Madagascar,MDG,2013,19.71567
1244,Madagascar,MDG,2014,19.26489
1245,Madagascar,MDG,2015,20.15777
1246,Madagascar,MDG,2016,19.35578
1247,Madagascar,MDG,2017,18.00322
1248,Madagascar,MDG,2018,18.27043
1249,Madagascar,MDG,2019,17.8598
1250,Malawi,MWI,2010,25.76334
1251,Malawi,MWI,2011,27.16729
1252,Malawi,MWI,2012,27.18694
1253,Malawi,MWI,2013,26.47221
1254,Malawi,MWI,2014,26.81849
1255,Malawi,MWI,2015,27.04964
1256,Malawi,MWI,2016,26.0428
1257,Malawi,MWI,2017,23.94983
1258,Malawi,MWI,2018,23.46215
1259,Malawi,MWI,2019,22.33194
1260,Malaysia,MYS,2010,18.27821
1261,Malaysia,MYS,2011,17.37371
1262,Malaysia,MYS,2012,18.20743
1263,Malaysia,MYS,2013,18.54888
1264,Malaysia,MYS,2014,17.25847
1265,Malaysia,MYS,2015,18.16004
1266,Malaysia,MYS,2016,16.78004
1267,Malaysia,MYS,2017,16.40791
1268,Malaysia,MYS,2018,16.43679
1269,Malaysia,MYS,2019,16.55023
1270,Maldives,MDV,2010,13.84155
1271,Maldives,MDV,2011,12.38197
1272,Maldives,MDV,2012,12.94485
1273,Maldives,MDV,2013,12.60516
1274,Maldives,MDV,2014,11.23152
1275,Maldives,MDV,2015,10.32552
1276,Maldives,MDV,2016,12.21008
1277,Maldives,MDV,2017,11.22694
1278,Maldives,MDV,2018,10.90516
1279,Maldives,MDV,2019,10.89224
1280,Mali,MLI,2010,62.49421
1281,Mali,MLI,2011,59.06679
1282,Mali,MLI,2012,63.51526
1283,Mali,MLI,2013,52.8645
1284,Mali,MLI,2014,56.06013
1285,Mali,MLI,2015,65.90978
1286,Mali,MLI,2016,60.70013
1287,Mali,MLI,2017,61.66709
1288,Mali,MLI,2018,60.59097
1289,Mali,MLI,2019,60.6721
1290,Malta,MLT,2010,17.6565
1291,Malta,MLT,2011,16.2696
1292,Malta,MLT,2012,14.1759
1293,Malta,MLT,2013,13.3988
1294,Malta,MLT,2014,13.8423
1295,Malta,MLT,2015,13.5718
1296,Malta,MLT,2016,12.9194
1297,Malta,MLT,2017,12.5697
1298,Malta,MLT,2018,13.1112
1299,Malta,MLT,2019,13.0654
1300,Marshall Islands,MHL,2010,9.91905
1301,Marshall Islands,MHL,2011,9.65858
1302,Marshall Islands,MHL,2012,9.49872
1303,Marshall Islands,MHL,2013,9.57413
1304,Marshall Islands,MHL,2014,9.28275
1305,Marshall Islands,MHL,2015,9.36408
1306,Marshall Islands,MHL,2016,9.29648
1307,Marshall Islands,MHL,2017,9.42016
1308,Marshall Islands,MHL,2018,9.35089
1309,Marshall Islands,MHL,2019,9.34688
1310,Mauritania,MRT,2010,64.27869
1311,Mauritania,MRT,2011,65.41632
1312,Mauritania,MRT,2012,70.2224
1313,Mauritania,MRT,2013,60.70871
1314,Mauritania,MRT,2014,60.43425
1315,Mauritania,MRT,2015,71.27974
1316,Mauritania,MRT,2016,66.23652
1317,Mauritania,MRT,2017,69.50208
1318,Mauritania,MRT,2018,66.4108
1319,Mauritania,MRT,2019,66.54714
1320,Mauritius,MUS,2010,15.38158
1321,Mauritius,MUS,2011,15.3851
1322,Mauritius,MUS,2012,15.21482
1323,Mauritius,MUS,2013,15.54457
1324,Mauritius,MUS,2014,15.36803
1325,Mauritius,MUS,2015,15.3448
1326,Mauritius,MUS,2016,15.22473
1327,Mauritius,MUS,2017,15.16957
1328,Mauritius,MUS,2018,15.28029
1329,Mauritius,MUS,2019,15.26528
1330,Mexico,MEX,2010,21.48361
1331,Mexico,MEX,2011,24.59022
1332,Mexico,MEX,2012,22.70436
1333,Mexico,MEX,2013,23.50785
1334,Mexico,MEX,2014,21.96107
1335,Mexico,MEX,2015,22.04218
1336,Mexico,MEX,2016,21.21349
1337,Mexico,MEX,2017,20.36548
1338,Mexico,MEX,2018,20.3613
1339,Mexico,MEX,2019,20.10763
1340,Micronesia,FSM,2010,10.5608
1341,Micronesia,FSM,2011,10.4735
1342,Micronesia,FSM,2012,10.3665
1343,Micronesia,FSM,2013,10.8124
1344,Micronesia,FSM,2014,10.3273
1345,Micronesia,FSM,2015,12.0372
1346,Micronesia,FSM,2016,10.3524
1347,Micronesia,FSM,2017,10.1919
1348,Micronesia,FSM,2018,10.5033
1349,Micronesia,FSM,2019,10.4871
1350,Moldova,MDA,2010,18.4935
1351,Moldova,MDA,2011,18.39294
1352,Moldova,MDA,2012,18.22752
1353,Moldova,MDA,2013,17.79693
1354,Moldova,MDA,2014,16.65915
1355,Moldova,MDA,2015,16.3361
1356,Moldova,MDA,2016,14.94962
1357,Moldova,MDA,2017,13.59126
1358,Moldova,MDA,2018,14.11838
1359,Moldova,MDA,2019,13.95982
1360,Monaco,MCO,2010,14.3525
1361,Monaco,MCO,2011,15.6184
1362,Monaco,MCO,2012,13.936
1363,Monaco,MCO,2013,13.0498
1364,Monaco,MCO,2014,11.9633
1365,Monaco,MCO,2015,13.0911
1366,Monaco,MCO,2016,11.4583
1367,Monaco,MCO,2017,11.5454
1368,Monaco,MCO,2018,11.7865
1369,Monaco,MCO,2019,11.6987
1370,Mongolia,MNG,2010,37.20307
1371,Mongolia,MNG,2011,46.56546
1372,Mongolia,MNG,2012,49.0935
1373,Mongolia,MNG,2013,45.26803
1374,Mongolia,MNG,2014,40.99015
1375,Mongolia,MNG,2015,43.30589
1376,Mongolia,MNG,2016,45.25229
1377,Mongolia,MNG,2017,40.47127
1378,Mongolia,MNG,2018,42.12418
1379,Mongolia,MNG,2019,42.28819
1380,Montenegro,MNE,2010,26.1283
1381,Montenegro,MNE,2011,29.0877
1382,Montenegro,MNE,2012,27.2462
1383,Montenegro,MNE,2013,25.1077
1384,Montenegro,MNE,2014,24.8871
1385,Montenegro,MNE,2015,24.4993
1386,Montenegro,MNE,2016,22.283
1387,Montenegro,MNE,2017,22.9835
1388,Montenegro,MNE,2018,22.7616
1389,Montenegro,MNE,2019,22.3224
1390,Montserrat,MSR,2010,8.41418
1391,Montserrat,MSR,2011,7.70864
1392,Montserrat,MSR,2012,8.30122
1393,Montserrat,MSR,2013,8.06492
1394,Montserrat,MSR,2014,7.96156
1395,Montserrat,MSR,2015,9.01623
1396,Montserrat,MSR,2016,9.23474
1397,Montserrat,MSR,2017,8.87025
1398,Montserrat,MSR,2018,9.16527
1399,Montserrat,MSR,2019,9.18139
1400,Morocco,MAR,2010,32.95009
1401,Morocco,MAR,2011,31.60086
1402,Morocco,MAR,2012,30.44554
1403,Morocco,MAR,2013,29.41692
1404,Morocco,MAR,2014,29.39406
1405,Morocco,MAR,2015,32.16007
1406,Morocco,MAR,2016,30.87258
1407,Morocco,MAR,2017,34.13177
1408,Morocco,MAR,2018,33.89501
1409,Morocco,MAR,2019,34.99173
1410,Mozambique,MOZ,2010,23.2907
1411,Mozambique,MOZ,2011,23.64965
1412,Mozambique,MOZ,2012,23.61987
1413,Mozambique,MOZ,2013,23.71565
1414,Mozambique,MOZ,2014,23.55635
1415,Mozambique,MOZ,2015,23.98748
1416,Mozambique,MOZ,2016,23.06269
1417,Mozambique,MOZ,2017,22.10373
1418,Mozambique,MOZ,2018,21.47707
1419,Mozambique,MOZ,2019,20.71532
1420,Myanmar,MMR,2010,37.94875
1421,Myanmar,MMR,2011,31.5667
1422,Myanmar,MMR,2012,35.34205
1423,Myanmar,MMR,2013,36.62645
1424,Myanmar,MMR,2014,32.71883
1425,Myanmar,MMR,2015,31.63025
1426,Myanmar,MMR,2016,32.87003
1427,Myanmar,MMR,2017,29.55061
1428,Myanmar,MMR,2018,30.0384
1429,Myanmar,MMR,2019,29.91018
1430,Namibia,NAM,2010,26.66561
1431,Namibia,NAM,2011,27.61899
1432,Namibia,NAM,2012,27.43865
1433,Namibia,NAM,2013,26.75811
1434,Namibia,NAM,2014,26.16439
1435,Namibia,NAM,2015,27.0125
1436,Namibia,NAM,2016,25.74521
1437,Namibia,NAM,2017,25.20101
1438,Namibia,NAM,2018,24.80099
1439,Namibia,NAM,2019,24.23679
1440,Nauru,NRU,2010,5.40817
1441,Nauru,NRU,2011,5.29874
1442,Nauru,NRU,2012,5.20903
1443,Nauru,NRU,2013,5.29908
1444,Nauru,NRU,2014,5.1633
1445,Nauru,NRU,2015,5.53196
1446,Nauru,NRU,2016,5.97184
1447,Nauru,NRU,2017,5.83013
1448,Nauru,NRU,2018,5.86623
1449,Nauru,NRU,2019,5.85717
1450,Nepal,NPL,2010,78.5108
1451,Nepal,NPL,2011,79.3133
1452,Nepal,NPL,2012,88.15988
1453,Nepal,NPL,2013,87.40644
1454,Nepal,NPL,2014,95.65877
1455,Nepal,NPL,2015,89.29778
1456,Nepal,NPL,2016,91.93222
1457,Nepal,NPL,2017,80.82996
1458,Nepal,NPL,2018,82.67179
1459,Nepal,NPL,2019,82.82545
1460,Netherlands,NLD,2010,15.70982
1461,Netherlands,NLD,2011,15.51002
1462,Netherlands,NLD,2012,13.81851
1463,Netherlands,NLD,2013,12.73403
1464,Netherlands,NLD,2014,12.19208
1465,Netherlands,NLD,2015,12.65138
1466,Netherlands,NLD,2016,11.52338
1467,Netherlands,NLD,2017,12.42328
1468,Netherlands,NLD,2018,12.07335
1469,Netherlands,NLD,2019,12.03303
1470,Netherlands Antilles,ANT,2010,7.6895
1471,Netherlands Antilles,ANT,2011,7.32252
1472,Netherlands Antilles,ANT,2012,7.70202
1473,Netherlands Antilles,ANT,2013,7.60236
1474,Netherlands Antilles,ANT,2014,7.67343
1475,Netherlands Antilles,ANT,2015,8.31604
1476,Netherlands Antilles,ANT,2016,8.69818
1477,Netherlands Antilles,ANT,2017,8.55348
1478,Netherlands Antilles,ANT,2018,8.72744
1479,Netherlands Antilles,ANT,2019,8.75029
1480,New Caledonia,NCL,2010,6.51126
1481,New Caledonia,NCL,2011,6.58947
1482,New Caledonia,NCL,2012,6.46451
1483,New Caledonia,NCL,2013,6.40233
1484,New Caledonia,NCL,2014,6.4926
1485,New Caledonia,NCL,2015,6.60939
1486,New Caledonia,NCL,2016,7.46169
1487,New Caledonia,NCL,2017,7.20055
1488,New Caledonia,NCL,2018,7.25725
1489,New Caledonia,NCL,2019,7.27167
1490,New Zealand,NZL,2010,6.29372
1491,New Zealand,NZL,2011,6.10495
1492,New Zealand,NZL,2012,6.22838
1493,New Zealand,NZL,2013,6.25727
1494,New Zealand,NZL,2014,6.04863
1495,New Zealand,NZL,2015,6.0042
1496,New Zealand,NZL,2016,6.07848
1497,New Zealand,NZL,2017,5.98442
1498,New Zealand,NZL,2018,6.03511
1499,New Zealand,NZL,2019,6.05027
1500,Nicaragua,NIC,2010,21.46132
1501,Nicaragua,NIC,2011,23.95193
1502,Nicaragua,NIC,2012,21.61528
1503,Nicaragua,NIC,2013,23.579
1504,Nicaragua,NIC,2014,21.52078
1505,Nicaragua,NIC,2015,22.00612
1506,Nicaragua,NIC,2016,21.22101
1507,Nicaragua,NIC,2017,19.9253
1508,Nicaragua,NIC,2018,20.66005
1509,Nicaragua,NIC,2019,20.53888
1510,Niger,NER,2010,78.2476
1511,Niger,NER,2011,81.01974
1512,Niger,NER,2012,78.96129
1513,Niger,NER,2013,70.79529
1514,Niger,NER,2014,69.41188
1515,Niger,NER,2015,88.03176
1516,Niger,NER,2016,85.45232
1517,Niger,NER,2017,78.07546
1518,Niger,NER,2018,79.94757
1519,Niger,NER,2019,80.07251
1520,Nigeria,NGA,2010,63.03525
1521,Nigeria,NGA,2011,64.98478
1522,Nigeria,NGA,2012,67.50742
1523,Nigeria,NGA,2013,59.79077
1524,Nigeria,NGA,2014,59.59435
1525,Nigeria,NGA,2015,76.14579
1526,Nigeria,NGA,2016,69.72566
1527,Nigeria,NGA,2017,69.19798
1528,Nigeria,NGA,2018,69.91085
1529,Nigeria,NGA,2019,70.49678
1530,Niue,NIU,2010,6.0659
1531,Niue,NIU,2011,5.68011
1532,Niue,NIU,2012,5.88061
1533,Niue,NIU,2013,5.81196
1534,Niue,NIU,2014,6.12388
1535,Niue,NIU,2015,6.25907
1536,Niue,NIU,2016,6.86833
1537,Niue,NIU,2017,6.67861
1538,Niue,NIU,2018,6.80465
1539,Niue,NIU,2019,6.83692
1540,Norfolk Island,NFK,2010,5.47051
1541,Norfolk Island,NFK,2011,5.52501
1542,Norfolk Island,NFK,2012,5.51401
1543,Norfolk Island,NFK,2013,5.43006
1544,Norfolk Island,NFK,2014,5.66552
1545,Norfolk Island,NFK,2015,5.59739
1546,Norfolk Island,NFK,2016,6.29312
1547,Norfolk Island,NFK,2017,6.09153
1548,Norfolk Island,NFK,2018,6.11841
1549,Norfolk Island,NFK,2019,6.10957
1550,North Macedonia,MKD,2010,38.9538
1551,North Macedonia,MKD,2011,44.7407
1552,North Macedonia,MKD,2012,40.0517
1553,North Macedonia,MKD,2013,36.7952
1554,North Macedonia,MKD,2014,37.7291
1555,North Macedonia,MKD,2015,35.2858
1556,North Macedonia,MKD,2016,33.0101
1557,North Macedonia,MKD,2017,33.9919
1558,North Macedonia,MKD,2018,33.3651
1559,North Macedonia,MKD,2019,32.6682
1560,Northern Mariana Islands,MNP,2010,7.20722
1561,Northern Mariana Islands,MNP,2011,7.05659
1562,Northern Mariana Islands,MNP,2012,7.00348
1563,Northern Mariana Islands,MNP,2013,7.7113
1564,Northern Mariana Islands,MNP,2014,7.37002
1565,Northern Mariana Islands,MNP,2015,9.5719
1566,Northern Mariana Islands,MNP,2016,8.40106
1567,Northern Mariana Islands,MNP,2017,7.86326
1568,Northern Mariana Islands,MNP,2018,8.21483
1569,Northern Mariana Islands,MNP,2019,8.17446
1570,Norway,NOR,2010,8.17431
1571,Norway,NOR,2011,9.14048
1572,Norway,NOR,2012,7.61996
1573,Norway,NOR,2013,7.34493
1574,Norway,NOR,2014,7.49681
1575,Norway,NOR,2015,7.06615
1576,Norway,NOR,2016,6.63938
1577,Norway,NOR,2017,6.6895
1578,Norway,NOR,2018,6.72623
1579,Norway,NOR,2019,6.66793
1580,Oman,OMN,2010,40.99944
1581,Oman,OMN,2011,44.72844
1582,Oman,OMN,2012,46.53851
1583,Oman,OMN,2013,43.99002
1584,Oman,OMN,2014,40.58845
1585,Oman,OMN,2015,43.83076
1586,Oman,OMN,2016,42.14535
1587,Oman,OMN,2017,43.75487
1588,Oman,OMN,2018,44.02244
1589,Oman,OMN,2019,44.23674
1590,Pakistan,PAK,2010,60.83134
1591,Pakistan,PAK,2011,61.23146
1592,Pakistan,PAK,2012,66.82359
1593,Pakistan,PAK,2013,68.28103
1594,Pakistan,PAK,2014,72.44944
1595,Pakistan,PAK,2015,68.38615
1596,Pakistan,PAK,2016,70.17214
1597,Pakistan,PAK,2017,63.06182
1598,Pakistan,PAK,2018,63.7003
1599,Pakistan,PAK,2019,63.86198
1600,Palau,PLW,2010,5.83154
1601,Palau,PLW,2011,6.50945
1602,Palau,PLW,2012,6.82562
1603,Palau,PLW,2013,6.65996
1604,Palau,PLW,2014,7.28734
1605,Palau,PLW,2015,9.01207
1606,Palau,PLW,2016,7.33359
1607,Palau,PLW,2017,6.91674
1608,Palau,PLW,2018,7.15593
1609,Palau,PLW,2019,6.88113
1610,Palestinian Authority or West Bank and Gaza Strip,PSE,2010,37.66551
1611,Palestinian Authority or West Bank and Gaza Strip,PSE,2011,35.37191
1612,Palestinian Authority or West Bank and Gaza Strip,PSE,2012,34.26412
1613,Palestinian Authority or West Bank and Gaza Strip,PSE,2013,37.44363
1614,Palestinian Authority or West Bank and Gaza Strip,PSE,2014,36.05438
1615,Palestinian Authority or West Bank and Gaza Strip,PSE,2015,36.77375
1616,Palestinian Authority or West Bank and Gaza Strip,PSE,2016,32.76551
1617,Palestinian Authority or West Bank and Gaza Strip,PSE,2017,33.44208
1618,Palestinian Authority or West Bank and Gaza Strip,PSE,2018,33.18445
1619,Palestinian Authority or West Bank and Gaza Strip,PSE,2019,32.55579
1620,Panama,PAN,2010,15.46795
1621,Panama,PAN,2011,15.47231
1622,Panama,PAN,2012,14.95441
1623,Panama,PAN,2013,15.50353
1624,Panama,PAN,2014,15.48279
1625,Panama,PAN,2015,16.01036
1626,Panama,PAN,2016,14.45899
1627,Panama,PAN,2017,13.89379
1628,Panama,PAN,2018,13.65863
1629,Panama,PAN,2019,13.22791
1630,Papua New Guinea,PNG,2010,17.15304
1631,Papua New Guinea,PNG,2011,16.17893
1632,Papua New Guinea,PNG,2012,15.84279
1633,Papua New Guinea,PNG,2013,15.94115
1634,Papua New Guinea,PNG,2014,15.59246
1635,Papua New Guinea,PNG,2015,16.30094
1636,Papua New Guinea,PNG,2016,16.47782
1637,Papua New Guinea,PNG,2017,15.73559
1638,Papua New Guinea,PNG,2018,16.06621
1639,Papua New Guinea,PNG,2019,16.04683
1640,Paraguay,PRY,2010,15.25848
1641,Paraguay,PRY,2011,16.05286
1642,Paraguay,PRY,2012,14.8363
1643,Paraguay,PRY,2013,14.71539
1644,Paraguay,PRY,2014,14.23329
1645,Paraguay,PRY,2015,12.61518
1646,Paraguay,PRY,2016,12.6022
1647,Paraguay,PRY,2017,12.8013
1648,Paraguay,PRY,2018,12.79902
1649,Paraguay,PRY,2019,12.84044
1650,Peru,PER,2010,30.41769
1651,Peru,PER,2011,29.67211
1652,Peru,PER,2012,31.36196
1653,Peru,PER,2013,29.94434
1654,Peru,PER,2014,30.65978
1655,Peru,PER,2015,31.00492
1656,Peru,PER,2016,30.80497
1657,Peru,PER,2017,30.59305
1658,Peru,PER,2018,30.90494
1659,Peru,PER,2019,31.0593
1660,Philippines,PHL,2010,23.76555
1661,Philippines,PHL,2011,20.64889
1662,Philippines,PHL,2012,21.44246
1663,Philippines,PHL,2013,21.65289
1664,Philippines,PHL,2014,19.61448
1665,Philippines,PHL,2015,19.52012
1666,Philippines,PHL,2016,20.01614
1667,Philippines,PHL,2017,18.58331
1668,Philippines,PHL,2018,18.68866
1669,Philippines,PHL,2019,18.79358
1670,Pitcairn,PCN,2010,5.89977
1671,Pitcairn,PCN,2011,5.67514
1672,Pitcairn,PCN,2012,5.76893
1673,Pitcairn,PCN,2013,5.77524
1674,Pitcairn,PCN,2014,5.94426
1675,Pitcairn,PCN,2015,5.96366
1676,Pitcairn,PCN,2016,6.39292
1677,Pitcairn,PCN,2017,6.35372
1678,Pitcairn,PCN,2018,6.34449
1679,Pitcairn,PCN,2019,6.31587
1680,Poland,POL,2010,27.36475
1681,Poland,POL,2011,27.15801
1682,Poland,POL,2012,24.68245
1683,Poland,POL,2013,23.7758
1684,Poland,POL,2014,24.01657
1685,Poland,POL,2015,22.86504
1686,Poland,POL,2016,21.91566
1687,Poland,POL,2017,22.88956
1688,Poland,POL,2018,22.86464
1689,Poland,POL,2019,22.76563
1690,Portugal,PRT,2010,9.77271
1691,Portugal,PRT,2011,10.45012
1692,Portugal,PRT,2012,9.1396
1693,Portugal,PRT,2013,8.82785
1694,Portugal,PRT,2014,8.65788
1695,Portugal,PRT,2015,8.80415
1696,Portugal,PRT,2016,7.82794
1697,Portugal,PRT,2017,8.39613
1698,Portugal,PRT,2018,8.21557
1699,Portugal,PRT,2019,8.1761
1700,Puerto Rico,PRI,2010,6.347
1701,Puerto Rico,PRI,2011,5.61764
1702,Puerto Rico,PRI,2012,6.29411
1703,Puerto Rico,PRI,2013,6.04596
1704,Puerto Rico,PRI,2014,6.17984
1705,Puerto Rico,PRI,2015,6.77499
1706,Puerto Rico,PRI,2016,6.82904
1707,Puerto Rico,PRI,2017,6.79992
1708,Puerto Rico,PRI,2018,6.89863
1709,Puerto Rico,PRI,2019,6.90966
1710,Qatar,QAT,2010,80.45255
1711,Qatar,QAT,2011,82.36154
1712,Qatar,QAT,2012,87.42769
1713,Qatar,QAT,2013,82.5521
1714,Qatar,QAT,2014,73.81316
1715,Qatar,QAT,2015,86.28376
1716,Qatar,QAT,2016,77.2449
1717,Qatar,QAT,2017,79.59911
1718,Qatar,QAT,2018,78.21987
1719,Qatar,QAT,2019,77.11195
1720,Romania,ROU,2010,18.67198
1721,Romania,ROU,2011,19.74343
1722,Romania,ROU,2012,18.07134
1723,Romania,ROU,2013,16.69318
1724,Romania,ROU,2014,16.77057
1725,Romania,ROU,2015,16.25701
1726,Romania,ROU,2016,15.27077
1727,Romania,ROU,2017,15.62483
1728,Romania,ROU,2018,15.39175
1729,Romania,ROU,2019,15.06436
1730,Russia,RUS,2010,15.52415
1731,Russia,RUS,2011,13.86517
1732,Russia,RUS,2012,13.88303
1733,Russia,RUS,2013,14.12903
1734,Russia,RUS,2014,14.15678
1735,Russia,RUS,2015,13.08471
1736,Russia,RUS,2016,12.3677
1737,Russia,RUS,2017,11.70067
1738,Russia,RUS,2018,11.81241
1739,Russia,RUS,2019,11.77739
1740,Rwanda,RWA,2010,36.31515
1741,Rwanda,RWA,2011,37.79784
1742,Rwanda,RWA,2012,40.33567
1743,Rwanda,RWA,2013,38.08964
1744,Rwanda,RWA,2014,37.80641
1745,Rwanda,RWA,2015,38.68899
1746,Rwanda,RWA,2016,38.52852
1747,Rwanda,RWA,2017,35.60544
1748,Rwanda,RWA,2018,36.69867
1749,Rwanda,RWA,2019,36.22432
1750,Saint Helena,SHN,2010,7.23507
1751,Saint Helena,SHN,2011,7.07384
1752,Saint Helena,SHN,2012,7.08589
1753,Saint Helena,SHN,2013,7.17147
1754,Saint Helena,SHN,2014,7.11194
1755,Saint Helena,SHN,2015,7.50224
1756,Saint Helena,SHN,2016,8.25003
1757,Saint Helena,SHN,2017,8.06174
1758,Saint Helena,SHN,2018,8.03397
1759,Saint Helena,SHN,2019,8.02421
1760,Saint Kitts and Nevis,KNA,2010,8.16095
1761,Saint Kitts and Nevis,KNA,2011,7.3846
1762,Saint Kitts and Nevis,KNA,2012,8.02618
1763,Saint Kitts and Nevis,KNA,2013,7.7843
1764,Saint Kitts and Nevis,KNA,2014,7.64083
1765,Saint Kitts and Nevis,KNA,2015,8.66256
1766,Saint Kitts and Nevis,KNA,2016,8.86904
1767,Saint Kitts and Nevis,KNA,2017,8.61321
1768,Saint Kitts and Nevis,KNA,2018,8.83311
1769,Saint Kitts and Nevis,KNA,2019,8.85081
1770,Saint Lucia,LCA,2010,19.51613
1771,Saint Lucia,LCA,2011,18.75769
1772,Saint Lucia,LCA,2012,19.69555
1773,Saint Lucia,LCA,2013,19.79065
1774,Saint Lucia,LCA,2014,19.75087
1775,Saint Lucia,LCA,2015,21.4649
1776,Saint Lucia,LCA,2016,20.65952
1777,Saint Lucia,LCA,2017,20.3803
1778,Saint Lucia,LCA,2018,20.77072
1779,Saint Lucia,LCA,2019,20.83464
1780,Saint Pierre and Miquelon,SPM,2010,8.05628
1781,Saint Pierre and Miquelon,SPM,2011,7.68491
1782,Saint Pierre and Miquelon,SPM,2012,7.73096
1783,Saint Pierre and Miquelon,SPM,2013,8.94164
1784,Saint Pierre and Miquelon,SPM,2014,8.3347
1785,Saint Pierre and Miquelon,SPM,2015,8.72434
1786,Saint Pierre and Miquelon,SPM,2016,8.51949
1787,Saint Pierre and Miquelon,SPM,2017,8.94451
1788,Saint Pierre and Miquelon,SPM,2018,8.90567
1789,Saint Pierre and Miquelon,SPM,2019,8.87548
1790,Saint Vincent and the Grenadines,VCT,2010,19.74633
1791,Saint Vincent and the Grenadines,VCT,2011,18.99065
1792,Saint Vincent and the Grenadines,VCT,2012,19.87902
1793,Saint Vincent and the Grenadines,VCT,2013,19.90346
1794,Saint Vincent and the Grenadines,VCT,2014,20.02262
1795,Saint Vincent and the Grenadines,VCT,2015,21.70249
1796,Saint Vincent and the Grenadines,VCT,2016,20.87308
1797,Saint Vincent and the Grenadines,VCT,2017,20.69597
1798,Saint Vincent and the Grenadines,VCT,2018,21.02468
1799,Saint Vincent and the Grenadines,VCT,2019,21.09771
1800,Samoa,WSM,2010,10.9439
1801,Samoa,WSM,2011,10.549
1802,Samoa,WSM,2012,10.6202
1803,Samoa,WSM,2013,10.7034
1804,Samoa,WSM,2014,10.956
1805,Samoa,WSM,2015,10.8464
1806,Samoa,WSM,2016,11.1333
1807,Samoa,WSM,2017,10.7242
1808,Samoa,WSM,2018,10.8638
1809,Samoa,WSM,2019,10.8332
1810,San Marino,SMR,2010,9.26058
1811,San Marino,SMR,2011,9.99905
1812,San Marino,SMR,2012,9.69982
1813,San Marino,SMR,2013,9.44732
1814,San Marino,SMR,2014,9.84451
1815,San Marino,SMR,2015,10.1527
1816,San Marino,SMR,2016,9.91727
1817,San Marino,SMR,2017,9.88417
1818,San Marino,SMR,2018,10.0687
1819,San Marino,SMR,2019,9.99181
1820,Sao Tome and Principe,STP,2010,30.63425
1821,Sao Tome and Principe,STP,2011,32.31703
1822,Sao Tome and Principe,STP,2012,29.54647
1823,Sao Tome and Principe,STP,2013,30.94167
1824,Sao Tome and Principe,STP,2014,28.16922
1825,Sao Tome and Principe,STP,2015,36.53288
1826,Sao Tome and Principe,STP,2016,34.98444
1827,Sao Tome and Principe,STP,2017,30.24999
1828,Sao Tome and Principe,STP,2018,31.38037
1829,Sao Tome and Principe,STP,2019,31.32731
1830,Saudi Arabia,SAU,2010,65.71981
1831,Saudi Arabia,SAU,2011,67.38528
1832,Saudi Arabia,SAU,2012,70.38687
1833,Saudi Arabia,SAU,2013,67.84979
1834,Saudi Arabia,SAU,2014,59.13684
1835,Saudi Arabia,SAU,2015,69.61744
1836,Saudi Arabia,SAU,2016,62.20881
1837,Saudi Arabia,SAU,2017,66.60413
1838,Saudi Arabia,SAU,2018,64.48388
1839,Saudi Arabia,SAU,2019,64.06007
1840,Senegal,SEN,2010,56.37801
1841,Senegal,SEN,2011,58.06667
1842,Senegal,SEN,2012,64.83018
1843,Senegal,SEN,2013,53.1099
1844,Senegal,SEN,2014,55.26807
1845,Senegal,SEN,2015,65.31429
1846,Senegal,SEN,2016,59.40413
1847,Senegal,SEN,2017,63.54887
1848,Senegal,SEN,2018,60.05836
1849,Senegal,SEN,2019,60.17498
1850,Serbia,SRB,2010,31.88167
1851,Serbia,SRB,2011,34.44342
1852,Serbia,SRB,2012,30.95045
1853,Serbia,SRB,2013,29.07945
1854,Serbia,SRB,2014,28.55298
1855,Serbia,SRB,2015,28.19054
1856,Serbia,SRB,2016,25.57547
1857,Serbia,SRB,2017,26.64333
1858,Serbia,SRB,2018,26.07339
1859,Serbia,SRB,2019,25.50415
1860,Seychelles,SYC,2010,15.04949
1861,Seychelles,SYC,2011,16.41896
1862,Seychelles,SYC,2012,15.97822
1863,Seychelles,SYC,2013,15.81657
1864,Seychelles,SYC,2014,15.06952
1865,Seychelles,SYC,2015,15.24336
1866,Seychelles,SYC,2016,15.93022
1867,Seychelles,SYC,2017,15.83113
1868,Seychelles,SYC,2018,15.54065
1869,Seychelles,SYC,2019,15.50187
1870,Sierra Leone,SLE,2010,46.45754
1871,Sierra Leone,SLE,2011,51.27498
1872,Sierra Leone,SLE,2012,49.78597
1873,Sierra Leone,SLE,2013,44.32868
1874,Sierra Leone,SLE,2014,46.32417
1875,Sierra Leone,SLE,2015,55.32444
1876,Sierra Leone,SLE,2016,54.07738
1877,Sierra Leone,SLE,2017,50.40229
1878,Sierra Leone,SLE,2018,51.05065
1879,Sierra Leone,SLE,2019,51.27564
1880,Singapore,SGP,2010,15.72832
1881,Singapore,SGP,2011,16.7953
1882,Singapore,SGP,2012,17.97934
1883,Singapore,SGP,2013,19.07799
1884,Singapore,SGP,2014,17.97631
1885,Singapore,SGP,2015,18.61205
1886,Singapore,SGP,2016,17.92032
1887,Singapore,SGP,2017,18.78832
1888,Singapore,SGP,2018,18.72153
1889,Singapore,SGP,2019,19.0006
1890,Slovak Republic,SVK,2010,21.66154
1891,Slovak Republic,SVK,2011,22.80494
1892,Slovak Republic,SVK,2012,20.51864
1893,Slovak Republic,SVK,2013,19.81298
1894,Slovak Republic,SVK,2014,19.48664
1895,Slovak Republic,SVK,2015,19.28388
1896,Slovak Republic,SVK,2016,18.03023
1897,Slovak Republic,SVK,2017,18.41026
1898,Slovak Republic,SVK,2018,18.65878
1899,Slovak Republic,SVK,2019,18.52632
1900,Slovenia,SVN,2010,19.3096
1901,Slovenia,SVN,2011,21.06838
1902,Slovenia,SVN,2012,18.71353
1903,Slovenia,SVN,2013,18.53574
1904,Slovenia,SVN,2014,18.17968
1905,Slovenia,SVN,2015,18.02835
1906,Slovenia,SVN,2016,16.6265
1907,Slovenia,SVN,2017,16.80657
1908,Slovenia,SVN,2018,17.18076
1909,Slovenia,SVN,2019,17.06109
1910,Solomon Islands,SLB,2010,12.0851
1911,Solomon Islands,SLB,2011,11.677
1912,Solomon Islands,SLB,2012,11.7285
1913,Solomon Islands,SLB,2013,12.0475
1914,Solomon Islands,SLB,2014,12.2731
1915,Solomon Islands,SLB,2015,12.453
1916,Solomon Islands,SLB,2016,12.7948
1917,Solomon Islands,SLB,2017,12.2964
1918,Solomon Islands,SLB,2018,12.723
1919,Solomon Islands,SLB,2019,12.8568
1920,Somalia,SOM,2010,27.91185
1921,Somalia,SOM,2011,30.48321
1922,Somalia,SOM,2012,31.45434
1923,Somalia,SOM,2013,30.19732
1924,Somalia,SOM,2014,28.86244
1925,Somalia,SOM,2015,28.62219
1926,Somalia,SOM,2016,28.16013
1927,Somalia,SOM,2017,29.94064
1928,Somalia,SOM,2018,29.68467
1929,Somalia,SOM,2019,30.14888
1930,South Africa,ZAF,2010,29.37227
1931,South Africa,ZAF,2011,29.38772
1932,South Africa,ZAF,2012,29.05601
1933,South Africa,ZAF,2013,28.64036
1934,South Africa,ZAF,2014,28.8292
1935,South Africa,ZAF,2015,29.02988
1936,South Africa,ZAF,2016,28.49297
1937,South Africa,ZAF,2017,28.58338
1938,South Africa,ZAF,2018,28.44415
1939,South Africa,ZAF,2019,28.32529
1940,South Sudan ,SSD,2010,38.5822
1941,South Sudan ,SSD,2011,40.50711
1942,South Sudan ,SSD,2012,40.8898
1943,South Sudan ,SSD,2013,40.09857
1944,South Sudan ,SSD,2014,35.99915
1945,South Sudan ,SSD,2015,40.89101
1946,South Sudan ,SSD,2016,38.32509
1947,South Sudan ,SSD,2017,39.28238
1948,South Sudan ,SSD,2018,38.84941
1949,South Sudan ,SSD,2019,38.67224
1950,Spain,ESP,2010,11.79547
1951,Spain,ESP,2011,12.74152
1952,Spain,ESP,2012,11.46312
1953,Spain,ESP,2013,10.62795
1954,Spain,ESP,2014,10.09
1955,Spain,ESP,2015,10.81943
1956,Spain,ESP,2016,9.82015
1957,Spain,ESP,2017,10.02245
1958,Spain,ESP,2018,10.03337
1959,Spain,ESP,2019,9.99323
1960,Sri Lanka,LKA,2010,24.66413
1961,Sri Lanka,LKA,2011,21.55997
1962,Sri Lanka,LKA,2012,22.40731
1963,Sri Lanka,LKA,2013,23.00444
1964,Sri Lanka,LKA,2014,20.95416
1965,Sri Lanka,LKA,2015,18.93451
1966,Sri Lanka,LKA,2016,20.75228
1967,Sri Lanka,LKA,2017,19.91456
1968,Sri Lanka,LKA,2018,19.69182
1969,Sri Lanka,LKA,2019,19.96277
1970,Sudan,SDN,2010,53.86338
1971,Sudan,SDN,2011,55.50961
1972,Sudan,SDN,2012,56.02718
1973,Sudan,SDN,2013,53.52107
1974,Sudan,SDN,2014,47.66689
1975,Sudan,SDN,2015,53.88639
1976,Sudan,SDN,2016,52.37467
1977,Sudan,SDN,2017,54.74404
1978,Sudan,SDN,2018,55.0211
1979,Sudan,SDN,2019,56.03598
1980,Suriname,SUR,2010,23.27092
1981,Suriname,SUR,2011,21.25528
1982,Suriname,SUR,2012,25.71317
1983,Suriname,SUR,2013,23.07048
1984,Suriname,SUR,2014,23.11242
1985,Suriname,SUR,2015,27.28073
1986,Suriname,SUR,2016,23.6739
1987,Suriname,SUR,2017,23.32437
1988,Suriname,SUR,2018,22.53991
1989,Suriname,SUR,2019,21.62903
1990,Sweden,SWE,2010,7.55838
1991,Sweden,SWE,2011,7.61538
1992,Sweden,SWE,2012,6.28548
1993,Sweden,SWE,2013,6.28063
1994,Sweden,SWE,2014,6.55795
1995,Sweden,SWE,2015,5.96541
1996,Sweden,SWE,2016,5.53104
1997,Sweden,SWE,2017,5.78105
1998,Sweden,SWE,2018,5.76737
1999,Sweden,SWE,2019,5.72135
2000,Switzerland,CHE,2010,13.32802
2001,Switzerland,CHE,2011,13.98861
2002,Switzerland,CHE,2012,12.88156
2003,Switzerland,CHE,2013,12.63956
2004,Switzerland,CHE,2014,10.74821
2005,Switzerland,CHE,2015,11.73932
2006,Switzerland,CHE,2016,10.73317
2007,Switzerland,CHE,2017,9.98649
2008,Switzerland,CHE,2018,10.29074
2009,Switzerland,CHE,2019,10.04367
2010,Syrian Arab Republic,SYR,2010,35.95028
2011,Syrian Arab Republic,SYR,2011,33.15136
2012,Syrian Arab Republic,SYR,2012,32.05305
2013,Syrian Arab Republic,SYR,2013,33.53665
2014,Syrian Arab Republic,SYR,2014,33.02315
2015,Syrian Arab Republic,SYR,2015,34.37839
2016,Syrian Arab Republic,SYR,2016,32.21697
2017,Syrian Arab Republic,SYR,2017,31.77951
2018,Syrian Arab Republic,SYR,2018,31.74874
2019,Syrian Arab Republic,SYR,2019,31.33487
2020,Tajikistan,TJK,2010,36.07439
2021,Tajikistan,TJK,2011,48.11263
2022,Tajikistan,TJK,2012,42.88446
2023,Tajikistan,TJK,2013,44.09017
2024,Tajikistan,TJK,2014,41.35597
2025,Tajikistan,TJK,2015,40.69803
2026,Tajikistan,TJK,2016,39.80869
2027,Tajikistan,TJK,2017,40.08521
2028,Tajikistan,TJK,2018,39.74453
2029,Tajikistan,TJK,2019,39.90629
2030,Tanzania,TZA,2010,26.35689
2031,Tanzania,TZA,2011,28.16244
2032,Tanzania,TZA,2012,28.81121
2033,Tanzania,TZA,2013,27.7554
2034,Tanzania,TZA,2014,27.1181
2035,Tanzania,TZA,2015,28.25751
2036,Tanzania,TZA,2016,27.705
2037,Tanzania,TZA,2017,25.23024
2038,Tanzania,TZA,2018,25.38118
2039,Tanzania,TZA,2019,24.60327
2040,Thailand,THA,2010,35.46658
2041,Thailand,THA,2011,29.95337
2042,Thailand,THA,2012,31.36545
2043,Thailand,THA,2013,33.79969
2044,Thailand,THA,2014,29.41482
2045,Thailand,THA,2015,28.04208
2046,Thailand,THA,2016,30.6404
2047,Thailand,THA,2017,26.87982
2048,Thailand,THA,2018,27.41578
2049,Thailand,THA,2019,27.32291
2050,Timor-Leste,TLS,2010,17.42768
2051,Timor-Leste,TLS,2011,16.5785
2052,Timor-Leste,TLS,2012,17.34683
2053,Timor-Leste,TLS,2013,16.25677
2054,Timor-Leste,TLS,2014,16.32515
2055,Timor-Leste,TLS,2015,15.90322
2056,Timor-Leste,TLS,2016,17.09592
2057,Timor-Leste,TLS,2017,15.80107
2058,Timor-Leste,TLS,2018,15.62444
2059,Timor-Leste,TLS,2019,15.75327
2060,Togo,TGO,2010,43.63082
2061,Togo,TGO,2011,43.66808
2062,Togo,TGO,2012,45.3517
2063,Togo,TGO,2013,40.45314
2064,Togo,TGO,2014,40.82534
2065,Togo,TGO,2015,51.07339
2066,Togo,TGO,2016,48.394
2067,Togo,TGO,2017,46.63269
2068,Togo,TGO,2018,46.37626
2069,Togo,TGO,2019,46.12588
2070,Tokelau,TKL,2010,6.46773
2071,Tokelau,TKL,2011,6.0354
2072,Tokelau,TKL,2012,6.09462
2073,Tokelau,TKL,2013,6.12534
2074,Tokelau,TKL,2014,6.29541
2075,Tokelau,TKL,2015,6.41552
2076,Tokelau,TKL,2016,6.95431
2077,Tokelau,TKL,2017,6.81418
2078,Tokelau,TKL,2018,6.86193
2079,Tokelau,TKL,2019,6.84874
2080,Tonga,TON,2010,10.847
2081,Tonga,TON,2011,10.554
2082,Tonga,TON,2012,10.6052
2083,Tonga,TON,2013,10.584
2084,Tonga,TON,2014,10.6385
2085,Tonga,TON,2015,10.3617
2086,Tonga,TON,2016,10.6779
2087,Tonga,TON,2017,10.6876
2088,Tonga,TON,2018,10.573
2089,Tonga,TON,2019,10.5611
2090,Trinidad and Tobago,TTO,2010,20.22537
2091,Trinidad and Tobago,TTO,2011,19.91838
2092,Trinidad and Tobago,TTO,2012,20.30659
2093,Trinidad and Tobago,TTO,2013,20.49814
2094,Trinidad and Tobago,TTO,2014,20.74473
2095,Trinidad and Tobago,TTO,2015,22.47205
2096,Trinidad and Tobago,TTO,2016,21.859
2097,Trinidad and Tobago,TTO,2017,21.48277
2098,Trinidad and Tobago,TTO,2018,21.97888
2099,Trinidad and Tobago,TTO,2019,22.07242
2100,Tunisia,TUN,2010,34.268
2101,Tunisia,TUN,2011,31.24561
2102,Tunisia,TUN,2012,30.51296
2103,Tunisia,TUN,2013,29.88004
2104,Tunisia,TUN,2014,32.64765
2105,Tunisia,TUN,2015,31.14382
2106,Tunisia,TUN,2016,32.86101
2107,Tunisia,TUN,2017,29.93905
2108,Tunisia,TUN,2018,30.73111
2109,Tunisia,TUN,2019,30.55062
2110,Turkey,TUR,2010,30.00437
2111,Turkey,TUR,2011,28.61053
2112,Turkey,TUR,2012,28.12718
2113,Turkey,TUR,2013,28.84396
2114,Turkey,TUR,2014,28.78455
2115,Turkey,TUR,2015,29.59717
2116,Turkey,TUR,2016,28.71693
2117,Turkey,TUR,2017,27.15912
2118,Turkey,TUR,2018,27.40293
2119,Turkey,TUR,2019,26.85069
2120,Turkmenistan,TKM,2010,25.56749
2121,Turkmenistan,TKM,2011,31.29493
2122,Turkmenistan,TKM,2012,29.85535
2123,Turkmenistan,TKM,2013,29.83939
2124,Turkmenistan,TKM,2014,29.76218
2125,Turkmenistan,TKM,2015,27.99872
2126,Turkmenistan,TKM,2016,27.20599
2127,Turkmenistan,TKM,2017,26.34493
2128,Turkmenistan,TKM,2018,25.76408
2129,Turkmenistan,TKM,2019,25.30906
2130,Turks and Caicos Islands,TCA,2010,7.29512
2131,Turks and Caicos Islands,TCA,2011,6.65334
2132,Turks and Caicos Islands,TCA,2012,7.13267
2133,Turks and Caicos Islands,TCA,2013,7.00136
2134,Turks and Caicos Islands,TCA,2014,7.14387
2135,Turks and Caicos Islands,TCA,2015,7.28464
2136,Turks and Caicos Islands,TCA,2016,7.84815
2137,Turks and Caicos Islands,TCA,2017,7.47322
2138,Turks and Caicos Islands,TCA,2018,7.64259
2139,Turks and Caicos Islands,TCA,2019,7.59241
2140,Tuvalu,TUV,2010,5.70148
2141,Tuvalu,TUV,2011,5.42112
2142,Tuvalu,TUV,2012,5.44849
2143,Tuvalu,TUV,2013,5.42633
2144,Tuvalu,TUV,2014,5.65086
2145,Tuvalu,TUV,2015,5.71459
2146,Tuvalu,TUV,2016,6.16279
2147,Tuvalu,TUV,2017,6.09255
2148,Tuvalu,TUV,2018,6.12276
2149,Tuvalu,TUV,2019,6.11212
2150,Uganda,UGA,2010,38.86261
2151,Uganda,UGA,2011,41.64899
2152,Uganda,UGA,2012,42.85821
2153,Uganda,UGA,2013,42.08482
2154,Uganda,UGA,2014,40.81954
2155,Uganda,UGA,2015,43.20758
2156,Uganda,UGA,2016,41.77337
2157,Uganda,UGA,2017,38.54776
2158,Uganda,UGA,2018,37.21456
2159,Uganda,UGA,2019,35.2285
2160,Ukraine,UKR,2010,19.09176
2161,Ukraine,UKR,2011,18.42331
2162,Ukraine,UKR,2012,17.79873
2163,Ukraine,UKR,2013,17.92219
2164,Ukraine,UKR,2014,17.51999
2165,Ukraine,UKR,2015,16.88095
2166,Ukraine,UKR,2016,15.11815
2167,Ukraine,UKR,2017,14.6986
2168,Ukraine,UKR,2018,14.78515
2169,Ukraine,UKR,2019,14.70064
2170,United Arab Emirates,ARE,2010,42.54867
2171,United Arab Emirates,ARE,2011,45.0258
2172,United Arab Emirates,ARE,2012,46.58007
2173,United Arab Emirates,ARE,2013,43.3845
2174,United Arab Emirates,ARE,2014,40.7299
2175,United Arab Emirates,ARE,2015,45.18947
2176,United Arab Emirates,ARE,2016,42.79195
2177,United Arab Emirates,ARE,2017,43.03017
2178,United Arab Emirates,ARE,2018,43.20993
2179,United Arab Emirates,ARE,2019,43.0844
2180,United Kingdom,GBR,2010,12.38783
2181,United Kingdom,GBR,2011,12.95079
2182,United Kingdom,GBR,2012,11.38851
2183,United Kingdom,GBR,2013,11.36731
2184,United Kingdom,GBR,2014,10.82781
2185,United Kingdom,GBR,2015,10.32277
2186,United Kingdom,GBR,2016,10.15293
2187,United Kingdom,GBR,2017,10.28748
2188,United Kingdom,GBR,2018,10.10409
2189,United Kingdom,GBR,2019,10.02183
2190,United States,USA,2010,9.23072
2191,United States,USA,2011,9.27236
2192,United States,USA,2012,8.8823
2193,United States,USA,2013,8.65491
2194,United States,USA,2014,8.44529
2195,United States,USA,2015,8.17797
2196,United States,USA,2016,7.39055
2197,United States,USA,2017,7.75763
2198,United States,USA,2018,7.78762
2199,United States,USA,2019,7.67611
2200,United States Virgin Islands,VIR,2010,8.46297
2201,United States Virgin Islands,VIR,2011,7.52103
2202,United States Virgin Islands,VIR,2012,8.39172
2203,United States Virgin Islands,VIR,2013,8.0767
2204,United States Virgin Islands,VIR,2014,8.03658
2205,United States Virgin Islands,VIR,2015,8.94873
2206,United States Virgin Islands,VIR,2016,9.15627
2207,United States Virgin Islands,VIR,2017,9.07034
2208,United States Virgin Islands,VIR,2018,9.20981
2209,United States Virgin Islands,VIR,2019,9.23292
2210,Uruguay,URY,2010,9.47559
2211,Uruguay,URY,2011,9.74251
2212,Uruguay,URY,2012,9.36476
2213,Uruguay,URY,2013,10.37529
2214,Uruguay,URY,2014,9.93238
2215,Uruguay,URY,2015,9.96884
2216,Uruguay,URY,2016,9.92336
2217,Uruguay,URY,2017,9.57563
2218,Uruguay,URY,2018,9.61625
2219,Uruguay,URY,2019,9.57094
2220,Uzbekistan,UZB,2010,33.6145
2221,Uzbekistan,UZB,2011,43.03611
2222,Uzbekistan,UZB,2012,40.45578
2223,Uzbekistan,UZB,2013,41.04126
2224,Uzbekistan,UZB,2014,38.91105
2225,Uzbekistan,UZB,2015,36.99091
2226,Uzbekistan,UZB,2016,36.67223
2227,Uzbekistan,UZB,2017,36.61596
2228,Uzbekistan,UZB,2018,36.34037
2229,Uzbekistan,UZB,2019,36.352
2230,Vanuatu,VUT,2010,13.07214
2231,Vanuatu,VUT,2011,13.12488
2232,Vanuatu,VUT,2012,12.74446
2233,Vanuatu,VUT,2013,13.1789
2234,Vanuatu,VUT,2014,12.91556
2235,Vanuatu,VUT,2015,12.41505
2236,Vanuatu,VUT,2016,12.9487
2237,Vanuatu,VUT,2017,12.76332
2238,Vanuatu,VUT,2018,12.76242
2239,Vanuatu,VUT,2019,12.7414
2240,Venezuela,VEN,2010,23.46386
2241,Venezuela,VEN,2011,24.81057
2242,Venezuela,VEN,2012,22.87687
2243,Venezuela,VEN,2013,22.95083
2244,Venezuela,VEN,2014,22.35515
2245,Venezuela,VEN,2015,22.65819
2246,Venezuela,VEN,2016,22.27268
2247,Venezuela,VEN,2017,21.88744
2248,Venezuela,VEN,2018,22.1235
2249,Venezuela,VEN,2019,22.21524
2250,Viet Nam,VNM,2010,27.1181
2251,Viet Nam,VNM,2011,23.77469
2252,Viet Nam,VNM,2012,23.58582
2253,Viet Nam,VNM,2013,25.17827
2254,Viet Nam,VNM,2014,22.26175
2255,Viet Nam,VNM,2015,21.72136
2256,Viet Nam,VNM,2016,22.42143
2257,Viet Nam,VNM,2017,20.33531
2258,Viet Nam,VNM,2018,20.36473
2259,Viet Nam,VNM,2019,20.19471
2260,Wallis and Futuna,WLF,2010,6.15309
2261,Wallis and Futuna,WLF,2011,5.78482
2262,Wallis and Futuna,WLF,2012,5.93546
2263,Wallis and Futuna,WLF,2013,5.92128
2264,Wallis and Futuna,WLF,2014,6.39181
2265,Wallis and Futuna,WLF,2015,6.44554
2266,Wallis and Futuna,WLF,2016,6.90143
2267,Wallis and Futuna,WLF,2017,6.74732
2268,Wallis and Futuna,WLF,2018,6.68267
2269,Wallis and Futuna,WLF,2019,6.57847
2270,Western Sahara,ESH,2010,47.29257
2271,Western Sahara,ESH,2011,46.51668
2272,Western Sahara,ESH,2012,49.44787
2273,Western Sahara,ESH,2013,45.81423
2274,Western Sahara,ESH,2014,45.62963
2275,Western Sahara,ESH,2015,47.28198
2276,Western Sahara,ESH,2016,44.57007
2277,Western Sahara,ESH,2017,51.29203
2278,Western Sahara,ESH,2018,46.56406
2279,Western Sahara,ESH,2019,46.43391
2280,Yemen,YEM,2010,44.8245
2281,Yemen,YEM,2011,49.06382
2282,Yemen,YEM,2012,54.55899
2283,Yemen,YEM,2013,51.55041
2284,Yemen,YEM,2014,43.85524
2285,Yemen,YEM,2015,48.46628
2286,Yemen,YEM,2016,45.15434
2287,Yemen,YEM,2017,46.6112
2288,Yemen,YEM,2018,45.31726
2289,Yemen,YEM,2019,44.64506
2290,Zambia,ZMB,2010,27.10901
2291,Zambia,ZMB,2011,28.20786
2292,Zambia,ZMB,2012,28.45589
2293,Zambia,ZMB,2013,27.37474
2294,Zambia,ZMB,2014,27.43584
2295,Zambia,ZMB,2015,28.35737
2296,Zambia,ZMB,2016,27.47525
2297,Zambia,ZMB,2017,26.24886
2298,Zambia,ZMB,2018,26.37336
2299,Zambia,ZMB,2019,25.92371
2300,Zimbabwe,ZWE,2010,24.6478
2301,Zimbabwe,ZWE,2011,26.33544
2302,Zimbabwe,ZWE,2012,26.36427
2303,Zimbabwe,ZWE,2013,25.57768
2304,Zimbabwe,ZWE,2014,26.2316
2305,Zimbabwe,ZWE,2015,25.9843
2306,Zimbabwe,ZWE,2016,25.39554
2307,Zimbabwe,ZWE,2017,22.61333
2308,Zimbabwe,ZWE,2018,22.10827
2309,Zimbabwe,ZWE,2019,20.84664
